INSERT INTO client VALUES('DirectorUsername', 'Νικολαος', 'Ζανος', 'abcdef1', 'director', 'yes' , 'DirectorUsername',35,NULL);

INSERT INTO school(school_name,street_name,street_number,postal_code,city,email_address,phone_number,principal_name) VALUES('3ο Γυμνασιο Λαρισας','Κολοκοτρωνη','5','30155','Λαρισα','3gymansioKalam@gmail.com',2410532229,'Αντρεας Κακουρης');
INSERT INTO client VALUES('username5', 'Χριστινα', 'Αθανασιαδη', 'abcd5', 'manager', 'yes' , 'DirectorUsername',22,'3ο Γυμνασιο Λαρισας');
UPDATE school
SET manager_id = 'username5'
WHERE school_name = '3ο Γυμνασιο Λαρισας';

INSERT INTO school(school_name,street_name,street_number,postal_code,city,email_address,phone_number,principal_name) VALUES ('2o Δηματικο Λευκαδας','Στρατη Τσιρκας','16','41123','Λευκαδα','2dhmotikoLeuk@gmail.com',2310566789,'Νικολαος Γεωργαντας');
INSERT INTO client VALUES('username8', 'Ηλιας', 'Παπαδημητριου', 'abcd8', 'manager', 'yes' , 'DirectorUsername',24,'2o Δηματικο Λευκαδας');
UPDATE school
SET manager_id = 'username8'
WHERE school_name = '2o Δηματικο Λευκαδας';

INSERT INTO school(school_name,street_name,street_number,postal_code,city,email_address,phone_number,principal_name) VALUES('7ο Γενικο Λυκειο Πατρων','Δημοτσελιου','25','31236','Πατρα','7gelPatra@gmail.com',2610677123,'Κυριακος Νικολαου');
INSERT INTO client VALUES('username34', 'Στεφανος', 'Ιωαννιδης', 'abcd34', 'manager', 'yes' , 'DirectorUsername',26,'7ο Γενικο Λυκειο Πατρων');
UPDATE school
SET manager_id = 'username34'
WHERE school_name = '7ο Γενικο Λυκειο Πατρων';

INSERT INTO school(school_name,street_name,street_number,postal_code,city,email_address,phone_number,principal_name) VALUES ('1ο Γενικο Λυκειο Βολου','Δημητριαδος','8','20145','Βολος','7gelVolos@gmail.com',2421019285,'Χριστοφορος Ανατασιαδης');
INSERT INTO client VALUES('username35', 'Αλεξανδρος', 'Γεωργιου', 'abcd35', 'manager', 'yes' , 'DirectorUsername',25,'1ο Γενικο Λυκειο Βολου');
UPDATE school
SET manager_id = 'username35'
WHERE school_name ='1ο Γενικο Λυκειο Βολου';

INSERT INTO school(school_name,street_name,street_number,postal_code,city,email_address,phone_number,principal_name) VALUES('5ο Γυμνασιο Λαμιας','Ερμου','12','13147','Λαμια','5gymansioLamia@gmail.com',2231055771,'Ευαγγελος Βασιλακοπουλος');
INSERT INTO client VALUES('username48', 'Αντιγονη', 'Παπαχρηστου', 'abcd48', 'manager', 'yes' , 'DirectorUsername',29,'5ο Γυμνασιο Λαμιας');
UPDATE school
SET manager_id = 'username48'
WHERE school_name = '5ο Γυμνασιο Λαμιας';


INSERT INTO client VALUES('username1', 'Χρηστος', 'Αλεξιου', 'abcd1', 'student', 'yes' , 'DirectorUsername',17,'3ο Γυμνασιο Λαρισας');
INSERT INTO client VALUES('username2', 'Γιαννης', 'Δημητριου', 'abcd2', 'teacher', 'yes' , 'DirectorUsername',45,'3ο Γυμνασιο Λαρισας');   
INSERT INTO client VALUES('username3', 'Αλεξανδρος', 'Καζακος', 'abcd3', 'student', 'yes' , 'DirectorUsername',15,'3ο Γυμνασιο Λαρισας'); 
INSERT INTO client VALUES('username4', 'Φωτεινη', 'Αγγελιδου', 'abcd4', 'student', 'yes' , 'DirectorUsername',15,'3ο Γυμνασιο Λαρισας');
INSERT INTO client VALUES('username6', 'Δημητρης', 'Μπαρκας', 'abcd6', 'teacher', 'yes' , 'DirectorUsername',35,'3ο Γυμνασιο Λαρισας');
INSERT INTO client VALUES('username7', 'Αρης', 'Ξηρος', 'abcd7', 'student', 'yes' , 'DirectorUsername',16,'3ο Γυμνασιο Λαρισας');
INSERT INTO client VALUES('username9', 'Θωμας', 'Παπαθανασης', 'abcd9', 'student', 'yes' , 'DirectorUsername',16,'3ο Γυμνασιο Λαρισας');
INSERT INTO client VALUES('username10', 'Θανασης', 'Σαλμας', 'abcd10', 'student', 'yes' , 'DirectorUsername',14,'3ο Γυμνασιο Λαρισας');
INSERT INTO client VALUES('username11', 'Μαρια', 'Αναστασιου', 'abcd11', 'teacher', 'yes' , 'DirectorUsername',37,'2o Δηματικο Λευκαδας');
INSERT INTO client VALUES('username12', 'Αφροδιτη', 'Ανδρουλακη', 'abcd12', 'teacher', 'yes' , 'DirectorUsername',38,'7ο Γενικο Λυκειο Πατρων');
INSERT INTO client VALUES('username13', 'Ιωαννης', 'Καραγκουνης', 'abcd13', 'teacher', 'yes' , 'DirectorUsername',42,'7ο Γενικο Λυκειο Πατρων');
INSERT INTO client VALUES('username14', 'Στελιος', 'Ζαφειριαδης', 'abcd14', 'student', 'yes' , 'DirectorUsername',10,'2o Δηματικο Λευκαδας');
INSERT INTO client VALUES('username15', 'Γαβριηλ', 'Μαρκοπουλος', 'abcd15', 'teacher', 'yes' , 'DirectorUsername',33,'7ο Γενικο Λυκειο Πατρων');
INSERT INTO client VALUES('username16', 'Σοφια', 'Μυλωνα', 'abcd16', 'student', 'yes' , 'DirectorUsername',11,'2o Δηματικο Λευκαδας');
INSERT INTO client VALUES('username17', 'Ελενη', 'Μπλετσα', 'abcd17', 'student', 'yes' , 'DirectorUsername',12,'2o Δηματικο Λευκαδας');
INSERT INTO client VALUES('username18', 'Θεμιστοκλης', 'Μπεζος', 'abcd18', 'teacher', 'yes' , 'DirectorUsername',39,'7ο Γενικο Λυκειο Πατρων');
INSERT INTO client VALUES('username19', 'Ιωαννα', 'Μποτσαρη', 'abcd19', 'student', 'yes' , 'DirectorUsername',10,'2o Δηματικο Λευκαδας');
INSERT INTO client VALUES('username20', 'Μαριος', 'Αντωνοπουλος', 'abcd20', 'student', 'yes' , 'DirectorUsername',15,'7ο Γενικο Λυκειο Πατρων');
INSERT INTO client VALUES('username21', 'Γιωργος', 'Ευγενιδης', 'abcd21', 'teacher', 'yes' , 'DirectorUsername',43,'3ο Γυμνασιο Λαρισας');
INSERT INTO client VALUES('username22', 'Νικος', 'Ιακωβιδης', 'abcd22', 'student', 'yes' , 'DirectorUsername',10,'2o Δηματικο Λευκαδας');
INSERT INTO client VALUES('username23', 'Κωστας', 'Αργυρακος', 'abcd23', 'student', 'yes' , 'DirectorUsername',11,'2o Δηματικο Λευκαδας');
INSERT INTO client VALUES('username24', 'Δαφνη', 'Θανου', 'abcd24', 'student', 'yes' , 'DirectorUsername',16,'7ο Γενικο Λυκειο Πατρων');
INSERT INTO client VALUES('username25', 'Σταυρουλα', 'Κοντογιαννη', 'abcd25', 'student', 'yes' , 'DirectorUsername',15,'7ο Γενικο Λυκειο Πατρων');
INSERT INTO client VALUES('username26', 'Αθηνα', 'Τασιοπουλου', 'abcd26', 'student', 'yes' , 'DirectorUsername',16,'7ο Γενικο Λυκειο Πατρων');
INSERT INTO client VALUES('username27', 'Σταματια', 'Τσιντζουρα', 'abcd27', 'student', 'yes' , 'DirectorUsername',15,'7ο Γενικο Λυκειο Πατρων');
INSERT INTO client VALUES('username28', 'Χρηστος', 'Νικολαου', 'abcd28', 'student', 'yes' , 'DirectorUsername',15,'7ο Γενικο Λυκειο Πατρων');
INSERT INTO client VALUES('username29', 'Βασιλης', 'Βασιλακοπουλος', 'abcd29', 'student', 'yes' , 'DirectorUsername',15,'7ο Γενικο Λυκειο Πατρων');
INSERT INTO client VALUES('username30', 'Μιχαλης', 'Αργυρακος', 'abcd30', 'student', 'yes' , 'DirectorUsername',16,'7ο Γενικο Λυκειο Πατρων');
INSERT INTO client VALUES('username31', 'Ουρανια', 'Ξανθοπουλου', 'abcd31', 'student', 'yes' , 'DirectorUsername',17,'7ο Γενικο Λυκειο Πατρων');
INSERT INTO client VALUES('username32', 'Κωνσταντινα', 'Κολλια', 'abcd32', 'student', 'no' , 'DirectorUsername',15,'7ο Γενικο Λυκειο Πατρων');
INSERT INTO client VALUES('username33', 'Σπυρος', 'Καβαλουρης', 'abcd33', 'student', 'yes' , 'DirectorUsername',14,'1ο Γενικο Λυκειο Βολου');
INSERT INTO client VALUES('username36', 'Βασιλικη', 'Βαμβακα', 'abcd36', 'student', 'yes' , 'DirectorUsername',37,'5ο Γυμνασιο Λαμιας');
INSERT INTO client VALUES('username37', 'Αχιλλεας', 'Απεργης', 'abcd37', 'teacher', 'no' , 'DirectorUsername',36,'5ο Γυμνασιο Λαμιας');
INSERT INTO client VALUES('username38', 'Αρτεμις', 'Ανδρεαδη', 'abcd38', 'student', 'no' , 'DirectorUsername',15,'1ο Γενικο Λυκειο Βολου');
INSERT INTO client VALUES('username39', 'Κωστας', 'Λαμπρου', 'abcd39', 'student', 'yes' , 'DirectorUsername',16,'1ο Γενικο Λυκειο Βολου');
INSERT INTO client VALUES('username40', 'Βασιλης', 'Διαμαντιδης', 'abcd40', 'student', 'yes' , 'DirectorUsername',16,'1ο Γενικο Λυκειο Βολου');
INSERT INTO client VALUES('username41', 'Δημητρης', 'Στραυρου', 'abcd41', 'student', 'yes' , 'DirectorUsername',16,'1ο Γενικο Λυκειο Βολου');
INSERT INTO client VALUES('username42', 'Κυριακος', 'Σπυροπουλος', 'abcd42', 'teacher', 'yes' , 'DirectorUsername',50,'1ο Γενικο Λυκειο Βολου');
INSERT INTO client VALUES('username43', 'Σπυριδουλα', 'Λαμπρου', 'abcd43', 'student', 'yes' , 'DirectorUsername',18,'5ο Γυμνασιο Λαμιας');
INSERT INTO client VALUES('username44', 'Χρηστος', 'Σπυροπουλος', 'abcd44', 'student', 'yes' , 'DirectorUsername',17,'1ο Γενικο Λυκειο Βολου');
INSERT INTO client VALUES('username45', 'Βασιλης', 'Διδασκαλου', 'abcd45', 'teacher', 'yes' , 'DirectorUsername',38,'1ο Γενικο Λυκειο Βολου');
INSERT INTO client VALUES('username46', 'Ιφιγενεια', 'Γρηγοριου', 'abcd46', 'student', 'yes' , 'DirectorUsername',13,'5ο Γυμνασιο Λαμιας');
INSERT INTO client VALUES('username47', 'Αντωνια', 'Παυλοπουλου', 'abcd47', 'student', 'yes' , 'DirectorUsername',13,'5ο Γυμνασιο Λαμιας');
INSERT INTO client VALUES('username49', 'Αντωνης', 'Γεωργιαδης', 'abcd49', 'student', 'yes' , 'DirectorUsername',14,'5ο Γυμνασιο Λαμιας');
INSERT INTO client VALUES('username50', 'Τασος', 'Κολιατσος', 'abcd50', 'student', 'yes' , 'DirectorUsername',12,'5ο Γυμνασιο Λαμιας');
INSERT INTO client VALUES('username51', 'Τασος', 'Γιαννακης', 'abcd51', 'student', 'no' , 'DirectorUsername',13,'5ο Γυμνασιο Λαμιας');
INSERT INTO client VALUES('username52', 'Γιωργος', 'Γιαννακης', 'abcd52', 'student', 'yes' , 'DirectorUsername',14,'5ο Γυμνασιο Λαμιας');
INSERT INTO client VALUES('username53', 'Μακης', 'Δημακης', 'abcd53', 'teacher', 'yes' , 'DirectorUsername',51,'5ο Γυμνασιο Λαμιας');
INSERT INTO client VALUES('username54', 'Γιαννης', 'Κατσιγιαννης', 'abcd54', 'student', 'yes' , 'DirectorUsername',12,'5ο Γυμνασιο Λαμιας');
INSERT INTO client VALUES('username55', 'Οδυσσεας', 'Ελυτης', 'abcd55', 'student', 'yes' , 'DirectorUsername',11,'2o Δηματικο Λευκαδας');
INSERT INTO client VALUES('username56', 'Κωνσταντινος', 'Καβαφης', 'abcd56', 'student', 'yes' , 'DirectorUsername',12,'2o Δηματικο Λευκαδας');
INSERT INTO client VALUES('username57', 'Νικος', 'Ξυλουρης', 'abcd57', 'student', 'yes' , 'DirectorUsername',7,'2o Δηματικο Λευκαδας');
INSERT INTO client VALUES('username58', 'Τασος', 'Λειβαδιτης', 'abcd58', 'student', 'yes' , 'DirectorUsername',11,'2o Δηματικο Λευκαδας');
INSERT INTO client VALUES('username59', 'Κικη', 'Δημουλα', 'abcd59', 'teacher', 'no' , 'DirectorUsername',57,'3ο Γυμνασιο Λαρισας');
INSERT INTO client VALUES('username60', 'Γιαννης', 'Ριτσος', 'abcd60', 'student', 'yes' , 'DirectorUsername',12,'3ο Γυμνασιο Λαρισας');
INSERT INTO client VALUES('username61', 'Γιωργος', 'Παπαδοπουλος', 'abcd61', 'student', 'no' , 'DirectorUsername',12,'3ο Γυμνασιο Λαρισας');

INSERT INTO book VALUES( 9789601653648,'Λίγα λόγια','Πατάκη',107,'English','http://2gelevolibrary.mysch.gr/bookimg/596.jpg','ΛΙΓΑ ΛΟΓΙΑ ΓΙΑ ΤΟΝ ΗΔΟΝΙΣΜΟ Η ομορφιά με κάνει ανήμπορη. Δεν με νοιάζει πια το γιατί, το μόνο που θέλω είναι να φύγω. Όταν κοιτάζω την πόλη του Παρισιού λαχταράω να τυλίξω τα πόδια μου γύρω της. Όταν σε παρατηρώ να χορεύεις υπάρχει μια άκαρδη απεραντοσύνη που μοιάζει με ναυτικό σε γαλήνια θάλασσα. Επιθυμίες στρογγυλές σαν ροδάκινα ανθίζουν μέσα μου όλη νύχτα, δεν μαζεύω πια ό,τι πέφτει.');
INSERT INTO author VALUES( 9789601653648,'Ανν Κάρσον');
INSERT INTO genre VALUES( 9789601653648,'Καναδέζικη Πεζογραφία [821]');
INSERT INTO genre VALUES( 9789601653648,'Ποίηση');
INSERT INTO keyword VALUES( 9789601653648,'Short Talks');
INSERT INTO keyword VALUES( 9789601653648,'Ποίημα');

INSERT INTO book VALUES( 9789607847324,'Η Καινή Διαθήκη','Greek Bible Society',710,'Greek','http://2gelevolibrary.mysch.gr/bookimg/1897.jpg','Απλά η Βίβλος.');
INSERT INTO author VALUES( 9789607847324,'Απόστολοι');
INSERT INTO genre VALUES( 9789607847324,'Βίβλος. Κ.Δ. [225]');
INSERT INTO keyword VALUES( 9789607847324,'Βίβλος');

INSERT INTO book VALUES( 9789602086940,'Το χρονικό μιας πρώιμης αποτυχίας','Ζαχαρόπουλος Σ. Ι.',552,'Greek','http://2gelevolibrary.mysch.gr/bookimg/jj.jpg','Ένας νεαρός άνδρας που αγωνίζεται να παραμείνει στην επιφάνεια αφηγείται την ιστορία του. Άλλοτε αιχμηρές και άλλοτε κωμικές, οι αναμνήσεις του Πολ Όστερ αποτελούν μια αυτοβιογραφική έκθεση με θέμα το χρήμα -και, κυρίως, το τι σημαίνει η έλλειψή του. Παραπατώντας από τη μια βαρετή δουλειά στην άλλη, από το ένα αποτυχημένο σχέδιο στο άλλο, ο Όστερ εξερευνά την προσωπική του καταπιεστική εμμονή να δημιουργήσει τέχνη και περιγράφει τις ιδιοφυείς, συχνά ακραίες προσπάθειές του να επιβιώσει με το τίποτα.');
INSERT INTO author VALUES( 9789602086940,'Πόλ Όστερ');
INSERT INTO author VALUES( 9789602086940,'Βίκυ Κυριαζή');
INSERT INTO genre VALUES( 9789602086940,'Βιογραφίες [920]');
INSERT INTO genre VALUES( 9789602086940,'Αυτοβιογραφίες');
INSERT INTO keyword VALUES( 9789602086940,'Hand to Mouth: A Chronicle of Early Failure');
INSERT INTO keyword VALUES( 9789602086940,'Βιογραφία');

INSERT INTO book VALUES( 9789606353192,'Ίντιρα Γκάντι : Μεγάλες Γυναίκες Της Ιστορίας','Το βήμα',159,'Greek','http://2gelevolibrary.mysch.gr/bookimg/1724.jpg','Βιογραφίες.');
INSERT INTO author VALUES( 9789606353192,'Alessandra Consolaro');
INSERT INTO genre VALUES( 9789606353192,'Βιογραφίες [920]');
INSERT INTO keyword VALUES( 9789606353192,'Βιογραφία');
INSERT INTO keyword VALUES( 9789606353192,'Ιστορικό');
INSERT INTO keyword VALUES( 9789606353192,'Γυναίκες');
INSERT INTO keyword VALUES( 9789606353192,'1900');

INSERT INTO book VALUES( 9789606353222,'Φρίντα Κάλο - Μεγάλες γυναίκες της ιστορίας','Πεδίο',160,'Greek','http://2gelevolibrary.mysch.gr/bookimg/1762.jpg','Βιογραφία.');
INSERT INTO author VALUES( 9789606353222,'Alessandra Consolaro');
INSERT INTO genre VALUES( 9789606353222,'Βιογραφίες [920]');
INSERT INTO keyword VALUES( 9789606353222,'Γυναίκες');
INSERT INTO keyword VALUES( 9789606353222,'Ιστορικό');


INSERT INTO book VALUES( 9789605032852,'Η μεταμόρφωση','Alter - Ego ΜΜΕ Α.Ε.',159,'Czech','http://2gelevolibrary.mysch.gr/bookimg/65ba50d8-15e4-4521-a8ed-a11f190d8dd1.jpg','Τα έργα του Κάφκα κυνηγήθηκαν από τα ολοκληρωτικά καθεστώτα του 20ού αιώνα. Ρίχτηκαν στην πυρά και απαγορεύτηκαν στη ναζιστική Γερμανία, ως βλαπτικά και ανεπιθύμητα· στη Σοβιετική Ένωση, ως έργα συγγραφέα επικίνδυνου και παρακμιακού· στην πατρίδα του την Τσεχοσλοβακία, μετά τη σοβιετική εισβολή και μέχρι το 1989, ως έργα δεξιού ρεβιζιονιστή. Η δε αριστουργηματική νουβέλα του Η μεταμόρφωση απαγορεύτηκε στη Σοβιετική Ένωση με την αιτιολογία ότι πρόκειται για κείμενο καταθλιπτικό, παρακμιακό και ικανό να εμπνεύσει απελπισία.Από τα πιο δημοφιλή, πολυμεταφρασμένα και πολυδιασκευασμένα για το θέατρο, την όπερα και τον κινηματογράφο κείμενα του Κάφκα, η Μεταμόρφωση συμπυκνώνει στις λίγες σελίδες της τα βασικά θέματα της καφκικής θεματολογίας: το παράλογο της ζωής, την αποσύνδεση του πνεύματος από το σώμα, την αποξένωση από το κοινωνικό περιβάλλον, τα όρια της συμπάθειας και της καλοσύνης, το άγχος του ανθρώπου μπροστά σε μια νέα ακατανόητη εποχή.');
INSERT INTO author VALUES( 9789605032852,'Φραντς Κάφκα');
INSERT INTO genre VALUES( 9789605032852,'Γερμανική πεζογραφία [833]');
INSERT INTO genre VALUES( 9789605032852,'Νουβέλα');
INSERT INTO keyword VALUES( 9789605032852,'Transformation');

INSERT INTO book VALUES( 9789603646679,'Πολλαπλή νοημοσύνη','Διόπτρα',349,'Greek','http://2gelevolibrary.mysch.gr/bookimg/b190752.jpg','Η νοημοσύνη κάθε ανθρώπου είναι τόσο μοναδική όσο και ένα δακτυλικό αποτύπωμα, κάτι που αποδεικνύουν οι καθημερινές ιστορίες των ανθρώπων γύρω μας. Σκεφτόμαστε με ήχους, με χρώματα, με λέξεις, με κίνηση, με αριθμούς, με ενσυναίσθηση. Σκεφτόμαστε συνθετικά. Σκεφτόμαστε δημιουργικά, σκεφτόμαστε διαφορετικά.\n\nΜε τη θεωρία της Πολλαπλής Νοημοσύνης, οι γονείς και οι εκπαιδευτικοί έχουν ένα πολύ δυνατό εργαλείο στα χέρια τους προκειμένου να αξιοποιήσουν τις δεξιότητες των παιδιών τους.\n\nΠέρα από αυτό, όμως, έχουν κι έναν θαυμάσιο τρόπο για να ανακαλύψουν σημαντικές πτυχές του εαυτού τους.');
INSERT INTO author VALUES( 9789603646679,'Ελένη Γαρυφαλάκη');
INSERT INTO author VALUES( 9789603646679,'Γιώργος Παπαδόπουλος');
INSERT INTO genre VALUES( 9789603646679,'Ψυχολογία [153]');
INSERT INTO keyword VALUES( 9789603646679,'Ενδιαφέρον');
INSERT INTO keyword VALUES( 9789603646679,'Νοημοσύνη');

INSERT INTO book VALUES( 9789609911115,'Δώρα του βυθού','Γυαλός',125,'English','http://2gelevolibrary.mysch.gr/bookimg/b149865.jpg','Εκεί, απερίσπαστη, μακριά από άσκοπες συναναστροφές, περιττά στολίδια και πειρασμούς, προσπαθεί να επικεντρώσει στην ουσία και το νόημα της ύπαρξης του ανθρώπου και ιδιαίτερα της γυναίκας.');
INSERT INTO author VALUES( 9789609911115,'Anne Morrow Lindbergh');
INSERT INTO genre VALUES( 9789609911115,'Ψυχολογία [153]');
INSERT INTO genre VALUES( 9789609911115,'Ατομική');
INSERT INTO keyword VALUES( 9789609911115,'Θάλασσα');
INSERT INTO keyword VALUES( 9789609911115,'Ψάρια');
INSERT INTO keyword VALUES( 9789609911115,'Ηερμία');

INSERT INTO book VALUES( 9789602751817,'Να ζεις, να αγαπάς και να μαθαίνεις','Γλάρος',303,'Greek','http://2gelevolibrary.mysch.gr/bookimg/b67295.jpg','Το Να ζεις, να αγαπάς και να μαθαίνεις, είναι ένα από τα καλύτερα και πιο πολυδιαβασμένα βιβλία του Λεό Μπουσκάλια. Είναι ένας ολόκληρος θησαυρός και μία ατελείωτη πηγή έμπνευσης, θάρρους και αποφασιστικότητας για όλους όσους αναζητούν μία καινούρια διάσταση στην προσωπικότητα τους και στη ζωή τους μέσα από τους δρόμους της κατανόησης και της αγάπης. Καθηγητής της παιδαγωγικής στο Πανεπιστήμιο της Νότιας Καλιφόρνιας, ψυχολόγος και συναρπαστικός ομιλητής, ο Μπουσκάλια σε καθηλώνει και σε μεταμορφώνει με τα βιβλία του, που όλα σχεδόν πηγάζουν από ομιλίες, διαλέξεις και ελεύθερες συζητήσεις μέσα και έξω από τις πανεπιστημιακές αίθουσες, φωνάζει, μιμείται, γελά, δακρύζει και κλαίει, γράφει ένας σχολίαστης και συμπληρώνει: Το να παρακολουθείς το Μπουσκάλια να μιλά είναι σαν να κουβεντιάζεις μ έναν παλιό φίλο πάνω σ ένα κοινό και ποθητό θέμα.');
INSERT INTO author VALUES( 9789602751817,'Λέο Μπουσκάλια');
INSERT INTO author VALUES( 9789602751817,'Γιώργος Παπαδόπουλος');
INSERT INTO genre VALUES( 9789602751817,'Ψυχολογία [153]');
INSERT INTO genre VALUES( 9789602751817,'Ατομική');
INSERT INTO keyword VALUES( 9789602751817,'Ξένο');

INSERT INTO book VALUES( 9789605031619,'Μην το παίρνεις προσωπικά - Η τέχνη να ξεπερνάς ανώδυνα την απόρριψη','Alter - Ego ΜΜΕ Α.Ε.',303,'Czech','http://2gelevolibrary.mysch.gr/bookimg/b183588.jpg','Πολλές φορές τα λόγια ή οι πράξεις των άλλων μάς πληγώνουν, μας καταλαμβάνει άγχος και φόβος, η αντίληψη μας θολώνει, ξεσπάμε με θυμό - κι όλα αυτά, επειδή το παίρνουμε προσωπικά· στην πραγματικότητα, αισθανόμαστε απόρριψη. Η συγγραφέας του βιβλίου Elayne Savage, διδάκτωρ ψυχολογίας, με εμπειρία 30 ετών ως ψυχοθεραπεύτρια, προσδιορίζει τις αιτίες της απόρριψης, τις αρνητικές σκέψεις, τα επαναλαμβανόμενα μοτίβα συμπεριφοράς, και προτείνει τα μέσα της αλλαγής και της υπέρβασης των παλαιότερων τραυματικών εμπειριών. Το σημαντικότερο, όμως, είναι ότι μας βοηθά να κατανοήσουμε καλύτερα την έννοια της απόρριψης χάρη στο αντίθετο της: την αποδοχή. Η αποδοχή του εαυτού μας είναι η αφετηρία από όπου πηγάζουν ο αυτοσεβασμός και το αίσθημα της ασφάλειας που απομακρύνει τον κίνδυνο της απόρριψης. Τα μηνύματα επιβεβαίωσης που περιμένουμε από τους άλλους θα τα λάβουμε μόνο όταν αποδεχθούμε τη μοναδικότητά μας - και τότε, ο κόσμος θα πάψει να είναι αφιλόξενος και απορριπτικός.');
INSERT INTO author VALUES( 9789605031619,'Elayne Savage');
INSERT INTO author VALUES( 9789605031619,'Φραντς Κάφκα');
INSERT INTO genre VALUES( 9789605031619,'Ψυχολογία [153]');
INSERT INTO genre VALUES( 9789605031619,'Εφαρμοσμένη');
INSERT INTO keyword VALUES( 9789605031619,'ΜΜΕ');
INSERT INTO keyword VALUES( 9789605031619,'Ηρεμία');

INSERT INTO book VALUES( 9786180109818,'Γελωτολογία','Ψυχογιός',194,'Greek','http://2gelevolibrary.mysch.gr/bookimg/b199422.jpg','Ένας πρακτικός οδηγός που θα μας βοηθήσει να μάθουμε να χρησιμοποιούμε το γέλιο και το χιούμορ ως νοητικά εργαλεία, ώστε να επικοινωνούμε καλύτερα.');
INSERT INTO author VALUES( 9786180109818,'Στέφανι Ντέιβις');
INSERT INTO genre VALUES( 9786180109818,'Ψυχολογία [153]');
INSERT INTO genre VALUES( 9786180109818,'Εφαρμοσμένη');
INSERT INTO keyword VALUES( 9786180109818,'Γέλιο');
INSERT INTO keyword VALUES( 9786180109818,'Αστείο');
INSERT INTO keyword VALUES( 9786180109818,'Ηρεμία');

INSERT INTO book VALUES( 9789600432510,'Ο γρίφος του μυαλού μας και τα μυστικά του','Κέδρος',189,'English','http://2gelevolibrary.mysch.gr/bookimg/b114240.jpg','Ποιος αριθμός πρέπει να αντικαταστήσει το ερωτηματικό;');
INSERT INTO author VALUES( 9789600432510,'Philip Carter');
INSERT INTO author VALUES( 9789600432510,'Ken Russell');
INSERT INTO genre VALUES( 9789600432510,'Ψυχολογία [153]');
INSERT INTO keyword VALUES( 9789600432510,'Ηρεμία');

INSERT INTO book VALUES( 9789605850494,'Ξεπερνώντας τον πανικό','Η Καθημερινή',205,'Russian','http://2gelevolibrary.mysch.gr/bookimg/e420bfa2-be1b-454a-a477-5a059d463856.jpg','Ψυχολογικό Βιβλίο');
INSERT INTO author VALUES( 9789605850494,'Derrick Silove');
INSERT INTO author VALUES( 9789605850494,'Vijaya Manicavasagar');
INSERT INTO genre VALUES( 9789605850494,'Ψυχολογία [153]');
INSERT INTO genre VALUES( 9789605850494,'Εφαρμοσμένη');
INSERT INTO genre VALUES( 9789605850494,'Ατομική');
INSERT INTO keyword VALUES( 9789605850494,'Πανικός');
INSERT INTO keyword VALUES( 9789605850494,'Ηρεμία');
INSERT INTO keyword VALUES( 9789605850494,'Ποίημα');





INSERT INTO book VALUES( 9786180128994,'Συναξάρια της μικρής πατρίδας - Ιστορικό μυθιστόρημα','Ψυχογιός',624,'Greek','http://mylib.mysch.gr/bookimg/2775.jpg','Άραγε θα ξεχάσουμε ποτέ; Θα γιατρευτούμε απ τις πληγές; Παρακαλώ να μην ξεχάσω. Τούτος ο αγώνας από τον νου και την καρδιά μου να μη σβηστεί. Τόσες θυσίες, τόσες αδικοχαμένες ψυχές, ούτε μια να μη λησμονηθεί... Πήρε το βλέμμα της από πάνω του και κοίταξε με μάτια βουρκωμένα τη Θεσσαλονίκη που έσβηνε αργά στην πρωινή ομίχλη. Έχεις δίκιο... ψιθύρισε στο τέλος. Ο μόνος τάφος των νεκρών είναι οι καρδιές των ζωντανών... Ο Μήλιος, η Ανθή, η μικρούλα Βάσιλκα, λιανοκέρια της σκλάβας Μακεδονίας. Μια χούφτα χρόνια μόνο η ζωή τους, στεριωμένα σε φωτιά και πόλεμο. Η Αρετή και η Φωτεινή, γυναίκες της μικρής πατρίδας, ταγμένες σε αγώνα αντρειωμένο για το γένος και τη λευτεριά. Θέριεψαν οι ψυχές τους κι έκλαψαν συνάμα. Για το παιδί που έχασε τόσο άδικα η μία. Για τον άντρα που αγάπησε παράφορα και σκότωσε με τα ίδια της τα χέρια η άλλη. Σιμά τους ο Παύλος Μελάς, ο Τέλλος Άγρας, ο καπετάν Κώττας, ο καπετάν Γαρέφης. Κείνοι που θυσιάστηκαν κι αναπαύτηκαν αιώνια στα σπλάχνα της μακεδονικής γης, αντάμα με χιλιάδες άλλους άνδρες και γυναίκες του λαού μας. Συναξάρια της μικρής πατρίδας. Μαρτύρων και ηρώων αίμα. Αυτή είναι η ιστορία τους.');
INSERT INTO book VALUES( 9786180212730,'Σασμός - Μυθιστόρημα','Μίνωας',504,'Greek','http://mylib.mysch.gr/bookimg/b236016.jpg','Ο άντρας σηκώνει το χέρι του και σημαδεύει. Οι επτά πυροβολισμοί που ακούγονται ωχριούν μπροστά στην κραυγή του παιδιού: Πατέρα.... Αλήθεια ή πλάνη; Τυχαίο γεγονός ή βεντέτα; Οι καταστάσεις περιπλέκονται και παίρνουν ανεξέλεγκτη τροπή. Ακολουθεί δεύτερος θάνατος - αυτήν τη φορά μια γυναίκα. Τις γυναίκες και τα κοπέλια δεν τα σκοτώνουν. Αλλού να ψάξετε για τον φονιά. Όχι στη βεντέτα... Τα λόγια των μυστών ακούγονται ουτοπικά. Πάρε την κοπελιά μας και αλαργέψετε αμέσως από την Κρήτη. Δεν θα αργήσει να γίνει κι άλλο κακό. Φύγετε... Μια μάνα μαζί με την κόρη της, εν μία νυκτί, εξαφανίζονται από προσώπου γης. Ένα κλειδί μένει κρεμασμένο στην πρόκα του τοίχου και μια μαντινάδα στέκει ατελείωτη.\n\nΌρη και θάλασσες, τραγούδια και κατάρες, οργή και χάδι. Μέσα στις αντιθέσεις της φωτιάς, οι άνθρωποι χτίζουν τα όνειρά τους. Ωστόσο, η θέληση και το πάθος δεν αρκούν. Τα πάντα μπορούν να ανατραπούν ακαριαία. Ένας ατέρμονος κύκλος αίματος συνεχίζεται και η παλιά βεντέτα, σαν εφιάλτης, σκορπά τον τρόμο ανάμεσα σε δυο χωριά της Κρήτης. Οι λέξεις ποτέ δεν είχαν αρκετή δύναμη για να περιγράψουν τόσο ακραία συναισθήματα. Τι θα μπορούσε να επιφέρει τη συμφιλίωση, τον πολυπόθητο Σασμό;');
INSERT INTO book VALUES( 9789604690985,'Η πριγκιπέσα Ιζαμπώ','Το Βήμα Βιβλιοθήκη',664,'Greek','http://mylib.mysch.gr/bookimg/3743.jpg','Με κύριο πρόσωπο την Ισαβέλλα ή Ιζαμπώ των Βιλλαρδουίνων, πρόσωπο ιστορικό, κεντρικό γεγονός την κατάληψη του φραγκικού κάστρου της Καλαμάτας το 1293, από Έλληνες και Σλάβους χωρικούς, και ιστορικό πλαίσιο την πολυτάραχη εποχή της Φραγκοκρατίας, ο Άγγελος Τερζάκης συνθέτει ένα χρονικό ηρωισμού και αγάπης, τον καιρό των τροβαδούρων, των σταυροφόρων, των κουρσάρων και των ιπποτών, τον 13ο αιώνα, στο πρώτο ξύπνημα της ψυχής του νέου ελληνισμού. Η πριγκιπέσα Ιζαμπώ (δημοσιεύτηκε σε συνέχειες στην εφημερίδα Καθημερινή το 1937-1938· αναθεωρήθηκε και εκδόθηκε σε βιβλίο το 1945), είναι το πλέον κλασικό κείμενο του Άγγελου Τερζάκη και θεωρείται κορυφαίο νεοελληνικό ιστορικό μυθιστόρημα. Έχει μεταφραστεί στα γαλλικά, τα γερμανικά, τα ουγγρικά, τα ρουμανικά, τα βουλγαρικά, τα ρωσικά και τα σουηδικά.');
INSERT INTO book VALUES( 9786180124033,'Γυναίκες της μικρής πατρίδας - Ιστορικό μυθιστόρημα','Ψυχογιός',624,'Greek','http://mylib.mysch.gr/bookimg/2728.jpg','Αν κάτι έχω μάθει όλα αυτά τα χρόνια που αξιώθηκα να ζήσω, είναι πως η ελευθερία και η αγάπη είναι αξεχώριστες. Γέννες της ίδιας σποράς, καρποί των αδείλιαστων ψυχών. Δεν αρκεί να επιθυμείς, δεν αρκεί να περιμένεις. Πρέπει να τολμήσεις, ν αγωνιστείς για όσα αξίζουν στη ζωή. Για να έχει νόημα. Για να μην ξοδευτεί άδικα. Εγώ ανήκω σε μια τέτοια γενιά. Στη γενιά που δε φοβήθηκε τη θυσία...Γυναίκες της μικρής πατρίδας... Μακεδόνισσες. Ελληνίδες. Στη χαραυγή του εικοστού αιώνα, άγριος κι αδυσώπητος ξεσπάει ο αγώνας στη σκλάβα Μακεδονία. Η γη ματώνει, ο ελληνισμός ψυχορραγεί. Τούρκοι, Βούλγαροι, κομιτάτα, τσέτες, πυρπολήσεις, εκτελέσεις, αμέτρητες θυσίες.Γυναίκες της μικρής πατρίδας...  Σαν την Αρετή. Σαν τη Φωτεινή. Ζυμώθηκαν με τον κίνδυνο, πάλεψαν για το γένος, την πίστη, τη λευτεριά. Θέριεψαν οι ψυχές τους κι έκλαψαν συνάμα. Για τους φίλους που έπεσαν, τα μαρτύρια που άντεξαν, τα μυστικά που βάσταξαν. Για το λατρεμένο παιδί που έχασε τόσο άδικα η μία. Για τον άντρα που αγάπησε παράφορα και σκότωσε με τα ίδια της τα χέρια η άλλη. Μπορεί να τις κυνήγησαν, μπορεί να τις βασάνισαν. Δεν τις δάμασαν όμως ποτέ. Αυτές. Τις γυναίκες της μικρής πατρίδας μας...');
INSERT INTO book VALUES( 9789606007644,'Αδερφοί Καραμάζοφ - Μυθιστόρημα σε τέσσερα μέρη με επίλογο','Πατάκη',626,'Russian','http://mylib.mysch.gr/bookimg/4363.jpg','Έχει χαρακτηριστεί ως φιλοσοφικό μυθιστόρημα που εμβαθύνει στις έννοιες του Θεού, της ελεύθερης βούλησης και της ηθικής, ενώ πολλοί θεωρητικοί της λογοτεχνίας το θεωρούν το καλύτερο μυθιστόρημα που έχει γραφτεί ποτέ.');
INSERT INTO book VALUES( 9789600427004,'Ακυβέρνητες πολιτείες: Η λέσχη - Μυθιστόρημα','Κέδρος',403,'Greek','http://mylib.mysch.gr/bookimg/6237.jpg','Οι "Ακυβέρνητες πολιτείες" απαρτίζονται από τρεις τόμους: "Η λέσχη" (1961), "Αριάγνη" (1962), "Η νυχτερίδα" (1965). Η δράση τοποθετείται αντίστοιχα στην Ιερουσαλήμ, στο Κάιρο, στην Αλεξάνδρεια. Ένα μυθιστόρημα που τιθασεύει αριστοτεχνικά μια χειμαρρώδη ιστορική ύλη, δίνοντας ανθρώπινη φωνή στο έπος και στο δράμα του Β΄ Παγκοσμίου Πολέμου, την ώρα που κρινόταν το μέλλον των λαών και παίχτηκε στα ζάρια η τύχη της Ελλάδας. Χάρη σε ποικίλες αναδρομές, η τριλογία ζωντανεύει και προγενέστερες περιόδους, από τον Μεσοπόλεμο, τον χλωρό παράδεισο της εφηβείας με τα πρώτα ερωτικά σκιρτήματα κάποιων ηρώων, ως την παλιά Αίγυπτο, ανακαλώντας μνήμες προγόνων. Το έργο κορυφώνεται με την εξέγερση του Στρατού και του Στόλου, το κίνημα του Απρίλη 1944 και τη δραματική καταστολή του, ενώ, με τον επίλογο του γ΄ τόμου, μεταφερόμαστε στη Θεσσαλονίκη μετά τον Εμφύλιο, το 1954, όπου ακούγεται ένα συγκλονιστικό ρέκβιεμ για τους χαμένους αγωνιστές.Ωστόσο, ο Τσίρκας δεν έγραψε χρονικό, αλλά έργο τέχνης. Ιστορική ακρίβεια και φαντασία σπάνια δένονται σ ένα τόσο αρμονικό σύνολο. Κινώντας στιβαρά μεγάλους όγκους, καταγράφει ευαίσθητα τις απηχήσεις των γεγονότων στη συνείδηση και στις σχέσεις των ανθρώπων, πλάθοντας ολοζώντανες μορφές που θα μείνουν στο πάνθεον των μυθιστορηματικών ηρώων. Πολιτικές μηχανορραφίες, αχαλίνωτες φιλοδοξίες μέσα στη δίνη του πολέμου, αλλά και ωραία όνειρα και περίσσευμα ανθρωπιάς και γενναιότητας δίνουν το στίγμα των "Ακυβέρνητων Πολιτειών", όπου ο έρωτας, κυρίαρχος, τυλίγει και ξετυλίγει το νήμα μιας συναρπαστικής πλοκής. Παράλληλα, με την πολυφωνία της αφήγησης και άλλες νεωτερικές τεχνοτροπίες, ο συγγραφέας κατορθώνει να συγχωνεύσει τον μοντερνισμό με την παράδοση. Ένα μεταιχμιακό έργο, που σφράγισε τα ελληνικά γράμματα σ αυτό τον "σύντομο 20ο αιώνα".Χ.Π.');
INSERT INTO book VALUES( 9789601908922,'Ο παράξενος Τόμας','Ελληνικά Γράμματα',448,'Greek','http://mylib.mysch.gr/bookimg/6545.jpg','Οι νεκροί δεν μιλούν. Δεν ξέρω γιατί.Προσπαθούν, όμως, να επικοινωνήσουν. Και ο Οντ Τόμας, ψήστης σ ένα εστιατόριο στο Πίκο Μούντο, στη μέση της ερήμου, θέλει-δε θέλει είναι ο έμπιστός τους. Είναι ένας συνηθισμένος άνθρωπος. Απλώς, έχει αυτό το χάρισμα -ή την κατάρα...Ο Οντ κάνει ό,τι μπορεί για τις σιωπηλές ψυχές που τον προσεγγίζουν. Συχνά ζητούν δικαιοσύνη, και οι ενδείξεις που του δίνουν βοηθούν να διαλευκανθεί ένα έγκλημα. Κάποτε το αποτρέπουν κιόλας.Αυτή τη φορά, όμως, είναι διαφορετικά. Στην πόλη φτάνει ένας μυστηριώδης άντρας με ακόρεστη όρεξη, ένα πλήρες αρχείο για τους χειρότερους δολοφόνους του κόσμου και μια αγέλη σκιών που μοιάζουν με ύαινες ξοπίσω του. Ποιος είναι; Τι γυρεύει;Οι νεκροί δεν ξέρουν να πουν στον Οντ. Η μόνη ένδειξη που έχει είναι ένα σκισμένο φύλλο ημερολογίου, που γράφει 15 Αυγούστου. Σήμερα είναι 14 Αυγούστου. Σε είκοσι τέσσερις ώρες, το Πίκο Μούντο θα ζήσει τον όλεθρο. Ο Οντ θα πασχίσει να αποτρέψει την καταστροφή, με τη βοήθεια μιας παράταιρης συντροφιάς συμμάχων. Αλλά το Κακό συσπειρώνεται ήδη κάτω από τον καυτό ήλιο. Κι ετοιμάζεται να χτυπήσει...');
INSERT INTO book VALUES( 9786185519841,'Ο νονός','Το Βήμα',544,'Greek','http://mylib.mysch.gr/bookimg/6542.jpg','Ο Ντον Βίτο Κορλεόνε, ο Νονός, είναι καλός οικογενειάρχης, άνθρωπος γενναιόδωρος και λογικός... αλλά επίσης αδίστακτος μαφιόζος, αρχηγός ενός από τα μεγαλύτερα συνδικάτα του εγκλήματος στη Νέα Υόρκη.Εντούτοις οι μέρες του είναι μετρημένες και το μέλλον της αυτοκρατορίας του, που την έχτισε με αίμα, ίντριγκες και κομπίνες στη διάρκεια μιας πολυτάραχης ζωής, βρίσκεται στα χέρια των τριών γιων του: του αψίθυμου Σόνι, του άβουλου και άστατου Φρέντι και του αδιάφορου Μάικλ, που αρνείται να συμμορφωθεί με την οικογενειακή παράδοση, αλλά θα αναγκαστεί να έρθει αντιμέτωπος με το πεπρωμένο του μέσα από την προδοσία, την τιμωρία, την εκδίκηση και την απώλεια.Σε αυτό τον κύκλο αίματος, ωστόσο, τίποτα δεν είναι προσωπικό. Απλώς μπίζνες.');
INSERT INTO book VALUES( 9786180202137,'Der Steppenwolf','Μίνωας',304,'German','http://mylib.mysch.gr/bookimg/4309.jpg','Ο μελαγχολικός Χάρρυ Χάλλερ ζει σε ένα νοικιασμένο δωμάτιο. Η απέχθεια που νιώθει για τον μοντέρνο τρόπο ζωής τον ωθεί να μένει μόνος - σαν ένας λύκος της στέπας. Και παρόλο που αποζητά την ανθρώπινη ζεστασιά και τη συντροφικότητα, αδυνατεί να συμβιβαστεί με την υποκρισία των αστικών αξιών. Ωστόσο, γνωρίζοντας την ανέμελη αλλά και απατηλή Ερμίνε θα νιώσει τα ψήγματα μιας πιθανής ευτυχίας. Ο Χάλλερ αγωνίζεται να συμβιβάσει την αρχέγονη, άγρια φύση του λύκου με τις επίπλαστες κοινωνικές επιταγές. Διχασμένος ανάμεσα στην ύλη και στο πνεύμα, προσπαθεί να ανακαλύψει τη βαθύτερη φύση του και να συμφιλιωθεί με τους ανθρώπους και τη ζωή. Μεταθέτοντας τα όρια μεταξύ φαντασίας και πραγματικότητας, ο Χάρρυ Χάλλερ επιδιώκει να βγει από την απομόνωση, ανασύροντας από τα σκονισμένα κιτάπια της καθημερινότητας τη μέθεξη και την ελευθερία. Ο λύκος της στέπας εκδόθηκε το 1927 και ήταν το μυθιστόρημα που χάρισε στον Έσσε την παγκόσμια αναγνώριση. Αποτελεί ένα δυνατό ανάγνωσμα, που ιχνηλατεί τα σκοτεινά μονοπάτια της ανθρώπινης ψυχής και μας παρασύρει στη δίνη του.');
INSERT INTO book VALUES( 9786180130560,'When We Were Orphans','Ψυχογιός',432,'English','http://mylib.mysch.gr/bookimg/2527.jpg','Γεννημένος στη Σαγκάη στις αρχές του εικοστού αιώνα, ο Κρίστοφερ Μπανκς μένει ορφανός στην ηλικία των εννέα χρόνων, όταν εξαφανίζονται ο ένας μετά τον άλλο οι γονείς του. Τώρα, περισσότερο από είκοσι χρόνια μετά, είναι διάσημος ντετέκτιβ και οι υποθέσεις που λύνει μαγνητίζουν πάντα τη λονδρέζικη κοινωνία. Κι όμως, παρά την εμπειρία και την ικανότητά του, δεν έχει καταφέρει να ρίξει φως στις συνθήκες των υποτιθέμενων απαγωγών των γονιών του. Για τον λόγο αυτόν ο Μπανκς ταξιδεύει στη λαβυρινθώδη πόλη των παιδικών του χρόνων, με την ελπίδα να λύσει το μυστήριο του επώδυνου παρελθόντος του. Εκεί όμως ανακαλύπτει ότι ο πόλεμος καταστρέφει ανελέητα τη Σαγκάη και συνειδητοποιεί ότι δεν μπορεί πλέον να εμπιστευτεί ούτε τις αναμνήσεις του ούτε τους ανθρώπους γύρω του.');
INSERT INTO book VALUES( 9789600517644,'Nesmrtelnost','Βιβλιοπωλείον της Εστίας',457,'Czech','http://mylib.mysch.gr/bookimg/b243796.jpg','Ξέρεις, Γιόχαν είπε ο Χέμινγουεϊ [στον Γκαίτε, καθώς περπατούσαν στις αλέες του άλλου κόσμου], ούτε κι εγώ γλιτώνω από το συνεχές κατηγορητήριό τους. Αντί να διαβάζουν τα βιβλία μου, γράφουν βιβλία για μένα. Λένε πως δεν αγαπούσα τις γυναίκες μου. Πως δεν ασχολήθηκα αρκετά με τον γιο μου. Πως έσπασα τα μούτρα ενός κριτικού. Πως δεν ήμουν ειλικρινής. Πως ήμουν υπερόπτης. Πως ήμουν φαλλοκράτης. Πως καυχήθηκα ότι είχα 230 τραύματα πολέμου ενώ είχα μόνο 206. Πως αυνανιζόμουν. Πως ήμουν κακός με τη μητέρα μου.\n\nΈτσι είναι η αθανασία, τι τα θες είπε ο Γκαίτε. Η αθανασία είναι αιώνια δίκη.\n\nΑν είναι αιώνια δίκη, χρειάζεται κι ένας πραγματικός δικαστής! Όχι μια δασκάλα του χωριού με τη βίτσα στο χέρι.\n\nΕμ αυτή είναι η αιώνια δίκη: η βίτσα στο χέρι μιας δασκάλας του χωριού! Τι φαντάστηκες δηλαδή, Έρνεστ;\n\nΤίποτα δεν φαντάστηκα. Είχα απλώς την ελπίδα ότι, μετά τον θάνατό μου, θα ζούσα λίγο ήσυχα.\n\nΈκανες τα πάντα για να γίνεις αθάνατος.\n\nΣαχλαμάρες. Βιβλία έγραφα, αυτό είν όλο.\n\nΑκριβώς! έβαλε τα γέλια ο Γκαίτε.\n\nΚαμία αντίρρηση να είναι αθάνατα τα βιβλία μου. Τα έγραψα έτσι που να μην μπορεί κανείς να τους αλλάξει ούτε λέξη. Που ν αντέχουν στις φουρτούνες. Αλλά εγώ ο ίδιος σαν άνθρωπος, σαν Έρνεστ Χέμινγουεϊ, δεκάρα δεν δίνω για την αθανασία!\n\nΣε καταλαβαίνω. Έπρεπε όμως να ήσουν πιο μετρημένος όσο ζούσες. Τώρα είναι μάλλον αργά.');
INSERT INTO book VALUES( 9789606451515,'Η ιστορία των αλόγων','Κλειδάριθμος',592,'Norwegian','http://mylib.mysch.gr/bookimg/4416.jpg','Το τρίτο βιβλίο της «Τετραλογίας του Περιβάλλοντος»ΠΩΣ ΑΝΤΙΔΡΑ Η ΦΥΣΗ ΟΤΑΝ ΑΠΟΤΥΓΧΑΝΟΥΜΕ ΝΑ ΔΙΑΣΩΣΟΥΜΕ ΤΑ ΕΙΔΗ ΤΗΣ;1880. Ο νεαρός ζωολόγος Μιχαήλ παραλαμβάνει στον ζωολογικό κήπο της Αγίας Πετρούπολης ένα κρανίο που φαίνεται πως ανήκει σε ένα αρχαίο άλογο, πρόγονο του είδους. Ξεκινάει μια περιπετειώδη αποστολή στη Μογγολία, απ όπου επιστρέφει με άγρια άλογα για ζωολογικούς κήπους και καταφύγια ζώων στην Ευρώπη. 1992. Η Γερμανίδα ζωολόγος Κάριν ταξιδεύει στο ζωολογικό πάρκο Χουστάι της Μογγολίας για να υλοποιήσει το μεγαλύτερο σχέδιο φυσικής διατήρησης όλων των εποχών: να επιστρέψουν τα κάποτε ελεύθερα άγρια άλογα στις τεράστιες στέπες της καταγωγής τους.2064. Η Εύα παλεύει να ζήσει σε ένα χωριό της Νορβηγίας που έχουν εγκαταλείψει σχεδόν όλοι οι κάτοικοι, μεταναστεύοντας όλο και πιο βόρεια σε μια Ευρώπη που διαλύεται από την κλιματική αλλαγή.Τρεις ιστορίες που τις συνδέει η προσπάθεια διάσωσης του αλόγου Przewalski, του μοναδικού άγριου αλόγου στον κόσμο.');
INSERT INTO book VALUES( 9786180135190,'Εράν - Βυζαντινά αμαρτήματα','Ψυχογιός',608,'Greek','http://mylib.mysch.gr/bookimg/2641.jpg','Εράν: να ερωτεύεσαι, να αγαπάς. 766 μ.Χ. Η Λυγινή και ο Υάκινθος σύρονται μαζί με πλειάδα μοναχών στον Ιππόδρομο, διαπομπεύονται και τους παντρεύουν με τη βία. Κρύβουν και οι δύο επτασφράγιστα μυστικά, τα οποία θα σημαδέψουν τις ζωές τους κι εν πολλοίς θα τις καθορίσουν κατά την οδύσσειά τους.');
INSERT INTO book VALUES( 9789601908533,'Η ομολογία','Ελληνικά Γράμματα',464,'Greek','http://mylib.mysch.gr/bookimg/6562.jpg','Για κάθε αθώο που μπαίνει στη φυλακή, ένας ένοχος μένει ελεύθερος. Δεν καταλαβαίνει πώς η αστυνομία και οι εισαγγελείς έπιασαν το λάθος άνθρωπο, και σίγουρα δεν τον νοιάζει. Απλώς ευλογεί την τύχη του και συνεχίζει ανενόχλητος τη ζωή του, ενώ κάποιος άλλος πληρώνει για το δικό του έγκλημα.Ο Τράβις Μπόιετ είναι ένας τέτοιος άνθρωπος. Το 1998, στη μικρή πόλη Σλόουν του Τέξας, απήγαγε, βίασε και στραγγάλισε μια δημοφιλή τσιρλίντερ του σχολείου. Κι ύστερα είδε κατάπληκτος να συλλαμβάνουν αντί γι αυτόν τον Ντόντι Ντραμ, έναν τοπικό αστέρα του φούτμπολ, να τον καταδικάζουν και να τον οδηγούν στην πτέρυγα των θανατοποινιτών.Εννιά χρόνια έχουν περάσει από τότε. Ο Τράβις βρίσκεται υπό επιτήρηση για κάποιο άλλο έγκλημα στο Κάνσας· ο Ντόντι πρόκειται να εκτελεστεί σε τέσσερις μέρες. Ο Τράβις έχει έναν όγκο στον εγκέφαλο που δε χειρουργείται. Και για πρώτη φορά στην άθλια ζωή του, αποφασίζει να κάνει το σωστό και να ομολογήσει.Αλλά πώς μπορεί ένας ένοχος να πείσει δικηγόρους, δικαστές και πολιτικούς ότι ετοιμάζονται να εκτελέσουν έναν αθώο;');
INSERT INTO book VALUES( 9789601908465,'Ο τελευταίος ένορκος','Ελληνικά Γράμματα',432,'Greek','http://mylib.mysch.gr/bookimg/6549.jpg','Ο Γουίλι Τρέινορ, ένας εικοσιτριάχρονος νεαρός, έχει παρατήσει τις σπουδές του και εργάζεται σαν μαθητευόμενος ρεπόρτερ σε μια μικρή εβδομαδιαία εφημερίδα, τη "Φορντ Κάουντι Τάιμς", στο Κλάντον του Μισισιπή. Όταν η εφημερίδα χρεοκοπεί, ο Γουίλι, προς μεγάλη έκπληξη όλων, δανείζεται χρήματα και την αγοράζει. Κανείς δεν πιστεύει ότι θα τα καταφέρει, όμως ένα μήνα μετά πέφτει πάνω σε μια συνταρακτική υπόθεση. Μια νεαρή μητέρα βιάζεται και δολοφονείται από ένα μέλος μιας διαβόητης οικογένειας κακοποιών της περιοχής, τον Ντάνι Πάτζιτ, τον οποίο κατονομάζει πριν πεθάνει.Ο Γουίλι καλύπτει την ιστορία με εκτεταμένα ρεπορτάζ και όλες τις ανατριχιαστικές λεπτομέρειες, και από τη μια μέρα στην άλλη η κυκλοφορία της εφημερίδας του φτάνει στα ύψη.Η πόλη όλη έχει ξεσηκωθεί και ζητά το κεφάλι του δολοφόνου επί πίνακι. Η δίκη διεξάγεται σε μια κατάμεστη αίθουσα και ο Ντάνι Πάτζιτ καταδικάζεται σε ισόβια. Αλλά καθώς οδηγείται στη φυλακή, ορκίζεται δημόσια ότι θα εκδικηθεί τους ενόρκους.Όπως, όμως, θα διαπιστώσει με απογοήτευση ο Γουίλι, στον Μισισιπή τα ισόβια δεν σημαίνουν απαραιτήτως ισόβια. Μετά από εννιά μόνο χρόνια, ο Πάτζιτ είναι και πάλι ελεύθερος. Και τότε σκοτώνεται ο πρώτος ένορκος... Και μετά άλλος ένας...');
INSERT INTO book VALUES( 9789604508532,'The Broker','Bell',395,'English','http://mylib.mysch.gr/bookimg/4794.jpeg','Λίγο πριν αποχαιρετήσει το Οβάλ Γραφείο, σχεδόν την τελευταία στιγμή, ο απερχόμενος Πρόεδρος των ΗΠΑ απονέμει χάρη στον Τζόελ Μπάκμαν, πρώην μεγαλοδικηγόρο και πανίσχυρο παράγοντα της πολιτικής ζωής της Ουάσιγκτον, που εδώ και έξι χρόνια κρατείται σε μια ομοσπονδιακή φυλακή. Πολλοί θεωρούν την πράξη του σκανδαλώδη. Κανείς δεν γνωρίζει πως ο Πρόεδρος υπογράφει αυτή τη χάρη κάτω από την αφόρητη πίεση της CIA. Φαίνεται πως ο Μπάκμαν, τις ημέρες της παντοδυναμίας του, είχε αποκτήσει πρόσβαση σε στοιχεία που θέτουν σε κίνδυνο το πιο εξελιγμένο δορυφορικό σύστημα παρακολούθησης στον κόσμο. Ο Μπάκμαν φυγαδεύεται αθόρυβα από τη χώρα με ένα στρατιωτικό μεταγωγικό αεροπλάνο, και εγκαθίσταται στην Ιταλία με καινούριο όνομα και ταυτότητα. Αλλά ενώ αρχίζει να προσαρμόζεται στη νέα του ζωή, η CIA αφήνει να διαρρεύσουν τα στοιχεία του στους Ισραηλινούς, τους Ρώσους, τους Κινέζους και τους Σαουδάραβες. Ύστερα, κάνει αυτό που ξέρει καλύτερα από όλα: κάθεται να παρακολουθήσει το παιχνίδι. Και βέβαια το ερώτημα δεν είναι αν ο Μπάκμαν θα καταφέρει να επιζήσει -δεν υπάρχει τέτοια περίπτωση. Αυτό που θέλουν να δουν είναι ποιος θα τον σκοτώσει...');
INSERT INTO book VALUES( 9789601908519,'Οι δικηγόροι','Ελληνικά Γράμματα',432,'Greek','http://mylib.mysch.gr/bookimg/4862.jpeg','Οι συνεταίροι της Φίνλι & Φιγκ -δηλαδή... ο Φίνλι και ο Φιγκ- περιγράφουν συχνά το γραφείο τους ως "γραφείο μπουτίκ". Μπουτίκ με την έννοια του σικ, εκλεκτικού και προσοδοφόρου. Δεν είναι τίποτε από τα τρία. Είναι ένα κακομοιριασμένο γραφειάκι στο νοτιοδυτικό Σικάγο, όπου οι δυο δικηγόροι, όταν δεν τρώγονται σαν γέρικο ζευγάρι, κυνηγάνε την κάθε υποθεσούλα για να τα βγάλουν πέρα –εύκολα διαζύγια, μικροπαραβάσεις, πού και πού κάποιο τροχαίο που αφήνει κάτι παραπάνω. Κι ονειρεύονται κάποτε να πιάσουν την καλή...');
INSERT INTO book VALUES( 9789601908441,'Το μεγάλο κόλπο','Ελληνικά Γράμματα',400,'Greek','http://mylib.mysch.gr/bookimg/5231.jpg','Ο Μάλκομ Μπάνιστερ είναι δικηγόρος -μάλλον, ήταν δικηγόρος. Τώρα είναι τρόφιμος σε μια ομοσπονδιακή φυλακή των ΗΠΑ. Χωρίς να το καλοκαταλάβει, βρέθηκε συγκατηγορούμενος μΆ έναν πελάτη του και καταδικάστηκε σε δέκα χρόνια. Το μέλλον του προβλέπεται ζοφερό. Αλλά ο Μάλκομ έχει έναν άσο στο μανίκι του: Ξέρει ποιος σκότωσε τον δικαστή Ρέιμοντ Φόσετ και για ποιο λόγο... Ο δικαστής βρέθηκε νεκρός στο απομονωμένο εξοχικό του, στις όχθες μιας λίμνης. Δεν υπήρχαν ίχνη διάρρηξης ούτε πάλης, μόνο δυο πτώματα, το δικό του και της νεαρής γραμματέως του. Κι ένα μεγάλο, τελευταίας τεχνολογίας και ύψιστης ασφάλειας χρηματοκιβώτιο, ανοιγμένο και άδειο... Τι ήταν κρυμμένο μέσα στο χρηματοκιβώτιο; Το FBI θέλει πολύ να το μάθει. Ο Μάλκομ θέλει κι αυτός πολύ να τους το πει. Αλλά όχι χωρίς αντάλλαγμα. Όλα έχουν μια τιμή -ιδίως πληροφορίες τόσο εκρηκτικές όσο τα γεγονότα που οδήγησαν στο θάνατο του δικαστή. Κι ο Μάλκομ ξέρει καλά πώς να τις παζαρέψει...');
INSERT INTO book VALUES( 9789601908472,'Η ιστορία ενός αθώου','Ελληνικά Γράμματα',448,'Greek','http://mylib.mysch.gr/bookimg/5917.jpg','Το 1971, ο Ρον Γουίλιαμσον άφηνε το σπίτι του, στην Άντα της Οκλαχόμα, γεμάτος σχέδια για το μέλλον. Είχε μόλις υπογράψει συμβόλαιο με τους Όουκλαντ Έις, μια από τις μεγάλες ομάδες του μπέιζμπολ.Έξι χρόνια αργότερα, ένα ατύχημα στο χέρι και οι καταχρήσεις είχαν δώσει τέλος στην καριέρα του. Ξαναγύρισε στο σπίτι της μητέρας του κι άρχισε να φυτοζωεί, αλκοολικός, διαταραγμένος ψυχικά και ανίκανος να στεριώσει σε δουλειά.Το 1982, μια νεαρή σερβιτόρα, η Ντέμπρα Σου Κάρτερ, βιάστηκε και δολοφονήθηκε στην Άντα.Επί πέντε χρόνια η αστυνομία δεν μπόρεσε να εξιχνιάσει το έγκλημα. Ωστόσο, είχε στη διάθεσή της δυο "βολικούς" υπόπτους: ο Ρον και ο φίλος του, Ντένις Φριτς, συνελήφθησαν τελικά το 1987 για ανθρωποκτονία... Χωρίς απτές αποδείξεις, μ ένα κατηγορητήριο βασισμένο σε σαθρές αναλύσεις και μαρτυρίες τροφίμων των φυλακών και πληροφοριοδοτών, κρίθηκαν ένοχοι. Ο Ντένις καταδικάστηκε σε ισόβια. Ο Ρον οδηγήθηκε στην πτέρυγα των θανατοποινιτών...Η ιστορία του Ρον Γουίλιαμσον είναικ αληθινή. Ειπωμένη συγκλονιστικά από τον κορυφαίο συγγραφέα των δικαστικών θρίλερ, έρχεται να ταράξει τον ήσυχο ύπνο όσων πιστεύουν ότι υπάρχουν εγκλήματα που δικαιολογούν τη θανατική ποινή. Κι ότι η δικαιοσύνη και η αλήθεια θριαμβεύουν πάντα...');
INSERT INTO book VALUES( 9789606450501,'Η ιστορία του νερού','Μίνωας',365,'Norwegian','http://mylib.mysch.gr/bookimg/4213.jpg','Η "Ιστορία του νερού" είναι το δεύτερο βιβλίο της Τετραλογίας του Περιβάλλοντος, μεταφράζεται σε 19 χώρες, ήταν υποψήφιο για το βραβείο Νορβηγών Βιβλιοπωλών και βρέθηκε στη 2η θέση της λίστας best seller του Der Spiegel για 16 βδομάδες. Εντάσσεται στο νέο λογοτεχνικό είδος cli-fi (climate fiction), που έχει στον πυρήνα του το περιβάλλον και την κλιματική αλλαγή, καθώς η συγγραφέας προσπαθεί να ερμηνεύσει το φαινόμενο και τις επιπτώσεις του στις ζωές των ανθρώπων.');
INSERT INTO book VALUES( 9789604619641,'Η ιστορία των μελισσών','Κλειδάριθμος',496,'Norwegian','http://mylib.mysch.gr/bookimg/4642.jpg','Τρεις εκπληκτικές παράλληλες ιστορίες για το αόρατο νήμα που συνδέει τον κόσμο των ανθρώπων με τον κόσμο των μελισσών.');

INSERT INTO author VALUES( 9786180128994,'Θοδωρής Παπαθεοδώρου');
INSERT INTO author VALUES( 9786180212730,'Σπύρος Πετρουλάκης');
INSERT INTO author VALUES( 9789604690985,'Άγγελος Τερζάκης');
INSERT INTO author VALUES( 9786180124033,'Θοδωρής Παπαθεοδώρου');
INSERT INTO author VALUES( 9789606007644,'Fedor Michajlovic Dostojevskij');
INSERT INTO author VALUES( 9789606007644,'Σταυρούλα Αργυροπούλου');
INSERT INTO author VALUES( 9789600427004,'Στρατής Τσίρκας');
INSERT INTO author VALUES( 9789600427004,'Χρύσα Προκοπάκη');
INSERT INTO author VALUES( 9789601908922,'Dean R. Koontz');
INSERT INTO author VALUES( 9789601908922,'Γωγώ Αρβανίτη');
INSERT INTO author VALUES( 9786185519841,'Mario Puzo');
INSERT INTO author VALUES( 9786180202137,'Hermann Hesse');
INSERT INTO author VALUES( 9786180130560,'Καζούο Ισιγκούρο');
INSERT INTO author VALUES( 9786180130560,'Αργυρώ Μαντόγλου');
INSERT INTO author VALUES( 9789600517644,'Milan Kundera');
INSERT INTO author VALUES( 9789600517644,'Γιάννης Η. Χάρης');
INSERT INTO author VALUES( 9789606451515,'Maja Lunde');
INSERT INTO author VALUES( 9789606451515,'Δέσπω Παπαγρηγοράκη');
INSERT INTO author VALUES( 9786180135190,'Γιάννης Καλπούζος');
INSERT INTO author VALUES( 9789601908533,'John Grisham');
INSERT INTO author VALUES( 9789601908533,'Δέσπω Παπαγρηγοράκη');
INSERT INTO author VALUES( 9789601908465,'John Grisham');
INSERT INTO author VALUES( 9789601908465,'Γιώργος Μπαρουξής');
INSERT INTO author VALUES( 9789604508532,'John Grisham');
INSERT INTO author VALUES( 9789604508532,'Βικτώρια Τράπαλη');
INSERT INTO author VALUES( 9789601908519,'John Grisham');
INSERT INTO author VALUES( 9789601908519,'Γιώργος Μπαρουξής');
INSERT INTO author VALUES( 9789601908441,'John Grisham');
INSERT INTO author VALUES( 9789601908441,'Χριστίνα Σπυριδάκη');
INSERT INTO author VALUES( 9789601908472,'John Grisham');
INSERT INTO author VALUES( 9789606450501,'Maja Lunde');
INSERT INTO author VALUES( 9789606450501,'Δέσπω Παπαγρηγοράκη');
INSERT INTO author VALUES( 9789604619641,'Maja Lunde');
INSERT INTO author VALUES( 9789604619641,'Σωτήρης Σουλιώτης');
INSERT INTO author VALUES( 9789604619641,'John Grisham');




INSERT INTO genre VALUES( 9786180128994,'Νεοελληνική πεζογραφία [889]');
INSERT INTO genre VALUES( 9786180212730,'Νεοελληνική πεζογραφία [889]');
INSERT INTO genre VALUES( 9789604690985,'Νεοελληνική πεζογραφία [889]');
INSERT INTO genre VALUES( 9786180124033,'Νεοελληνική πεζογραφία [889]');
INSERT INTO genre VALUES( 9789606007644,'Ρωσική πεζογραφία [891]');
INSERT INTO genre VALUES( 9789606007644,'Μυθιστόρημα');
INSERT INTO genre VALUES( 9789600427004,'Νεοελληνική πεζογραφία [889]');
INSERT INTO genre VALUES( 9789600427004,'Μυθιστόρημα');
INSERT INTO genre VALUES( 9789601908922,'Αμερικανική πεζογραφία [813]');
INSERT INTO genre VALUES( 9789601908922,'Διήγημα');
INSERT INTO genre VALUES( 9786185519841,'Αμερικανική πεζογραφία [813]');
INSERT INTO genre VALUES( 9786185519841,'Μυθιστόρημα');
INSERT INTO genre VALUES( 9786180202137,'Γερμανική πεζογραφία [833]');
INSERT INTO genre VALUES( 9786180202137,'Μυθιστόρημα');
INSERT INTO genre VALUES( 9786180130560,'Αγγλική πεζογραφίαβ[823]');
INSERT INTO genre VALUES( 9786180130560,'Μυθιστόρημα');
INSERT INTO genre VALUES( 9789600517644,'Τσεχική πεζογραφία [891]');
INSERT INTO genre VALUES( 9789600517644,'Μυθιστόρημα');
INSERT INTO genre VALUES( 9789606451515,'Νορβηγική πεζογραφία [839]');
INSERT INTO genre VALUES( 9789606451515,'Ποίηση');
INSERT INTO genre VALUES( 9786180135190,'Νεοελληνική πεζογραφία [889]');
INSERT INTO genre VALUES( 9789601908533,'Αμερικανική πεζογραφία [813]');
INSERT INTO genre VALUES( 9789601908533,'Ποίηση');
INSERT INTO genre VALUES( 9789601908465,'Αμερικανική πεζογραφία [813]');
INSERT INTO genre VALUES( 9789601908465,'Διήγημα');
INSERT INTO genre VALUES( 9789604508532,'Αμερικανική πεζογραφία [813]');
INSERT INTO genre VALUES( 9789604508532,'Ποίηση');
INSERT INTO genre VALUES( 9789601908519,'Αμερικανική πεζογραφία [813]');
INSERT INTO genre VALUES( 9789601908519,'Μυθιστόρημα');
INSERT INTO genre VALUES( 9789601908441,'Αμερικανική πεζογραφία [813]');
INSERT INTO genre VALUES( 9789601908441,'Μυθιστόρημα');
INSERT INTO genre VALUES( 9789601908472,'Αμερικανική πεζογραφία [813]');
INSERT INTO genre VALUES( 9789601908472,'Μυθιστόρημα');
INSERT INTO genre VALUES( 9789606450501,'Νορβηγική πεζογραφία [839]');
INSERT INTO genre VALUES( 9789606450501,'Μυθιστόρημα');
INSERT INTO genre VALUES( 9789604619641,'Νορβηγική πεζογραφία [839]');
INSERT INTO genre VALUES( 9789604619641,'Μυθιστόρημα');



INSERT INTO keyword VALUES( 9786180128994,'Ιστορικό');
INSERT INTO keyword VALUES( 9786180128994,'Πολεμικό');
INSERT INTO keyword VALUES( 9786180212730,'Εκδίκηση');
INSERT INTO keyword VALUES( 9789604690985,'Ιστορικό');
INSERT INTO keyword VALUES( 9786180124033,'Ιστορικό');
INSERT INTO keyword VALUES( 9786180124033,'Μυθιστόρημα');
INSERT INTO keyword VALUES( 9789606007644,'Μυθιστόρημα');
INSERT INTO keyword VALUES( 9789600427004,'Ιστορικό');
INSERT INTO keyword VALUES( 9789600427004,'Βιομηχανία');
INSERT INTO keyword VALUES( 9789601908922,'Ξένο');
INSERT INTO keyword VALUES( 9786185519841,'Μαφία');
INSERT INTO keyword VALUES( 9786180202137,'Ιστορικό');
INSERT INTO keyword VALUES( 9786180130560,'Αστυνομικό');
INSERT INTO keyword VALUES( 9789600517644,'Θρίλερ');
INSERT INTO keyword VALUES( 9789606451515,'Περιβάλλον');
INSERT INTO keyword VALUES( 9789606451515,'Άλογα');
INSERT INTO keyword VALUES( 9789606451515,'Ξένο');
INSERT INTO keyword VALUES( 9786180135190,'Οικονομικό');
INSERT INTO keyword VALUES( 9789601908533,'Αστυνομικό');
INSERT INTO keyword VALUES( 9789601908465,'Νομικό');
INSERT INTO keyword VALUES( 9789601908465,'Δικηγόροι');
INSERT INTO keyword VALUES( 9789604508532,'Αστυνομικό');
INSERT INTO keyword VALUES( 9789601908519,'Νομικό');
INSERT INTO keyword VALUES( 9789601908441,'Δικηγόροι');
INSERT INTO keyword VALUES( 9789601908472,'Αστυνομικό');
INSERT INTO keyword VALUES( 9789606450501,'Μυθιστόρημα');
INSERT INTO keyword VALUES( 9789606450501,'Περιβάλλον');
INSERT INTO keyword VALUES( 9789604619641,'Περιβάλλον');



INSERT INTO book VALUES( 9786185151195,'Ένα πεφταστέρι για τον Φοίβο','Κόκκινη Κλωστή Δεμένη',96,'Greek','http://dim-flamour.pel.sch.gr/myLib/bookimg/b211253.jpg','Έχετε παρατηρήσει τον έναστρο ουρανό κατά τους καλοκαιρινούς μήνες; Σίγουρα θα εντυπωσιαστήκατε αν κάποια νύχτα είχατε την τύχη να αρακολουθήσετε κάποιο πεφταστέρι στην ταχύτατη βουτιά του με προορισμό τη Γη... Αλήθεια, ποια είναι τα πεφταστέρια και πού πάνε;Κάποιοι λένε πως πραγματοποιούν ευχές... Εσείς το πιστεύετε; Ο Φοίβος σίγουρα. Ο μικρός μας ήρωας είναι ένα αστέρι που λατρεύει τη θάλασσα. Θα ήθελε να μπορούσε να γνωρίσει από κοντά τον υδάτινο κόσμο της και, το πιο απίστευτο, να μεταμορφωθεί σε αστερία. Έτσι μια νύχτα κάνει την ευχή του στο πρώτο πεφταστέρι που αντικρίζει... Άραγε ο Φοίβος τα κατάφερε; Κι αν ναι, του λείπουν τα αγαπημένα του πρόσωπα, που τώρα πια βρίσκονται μακριά του; Ή μήπως άξιζε να κυνηγήσει το όνειρό του; Σ? αυτό το ταξίδι είναι μόνος του ο μικρός φίλος μας; Και ποια είναι η Καλλιρρόη; Πού εξαφανίστηκαν οι αστερίες και τα δελφίνια; Ποια αποστολή αναλαμβάνει ο Φοίβος παρέα με τους καινούριους του φίλους; Η αξία της φιλίας, η δύναμη της συγχώρεσης, η πίστη στο όνειρο είναι μερικά μόνο από τα μηνύματα αυτής της υπέροχης καλοκαιρινής περιπέτειας που στάζει θαλασσινή αλμύρα και εμπνέει με την αγάπη των μικρών ηρώων της...');
INSERT INTO author VALUES( 9786185151195,'Αγγελική Φλώρου');
INSERT INTO author VALUES( 9786185151195,'Αλέξης Φραγκούλης');
INSERT INTO genre VALUES( 9786185151195,'Παιδική και εφηβική λογοτεχνία [889.9]');
INSERT INTO keyword VALUES( 9786185151195,'Εικονογραφημένο');
INSERT INTO keyword VALUES( 9786185151195,'Παραμύθι');

INSERT INTO book VALUES( 9789605932893,'Όλα στην ώρα τους','Πυραμίδα',36,'Greek','http://dim-flamour.pel.sch.gr/myLib/bookimg/0F7724F9C1FF2597CF81FE2894560EDD.jpg','Ένα... παραμυθένιο παραμύθι για τη φιλία, τη βιασύνη και την αγάπη. Γιατί στη ζωή έρχονται όλα στην ώρα τους. Ή μήπως όχι;');
INSERT INTO author VALUES( 9789605932893,'Κίκη Δημητριάδου');
INSERT INTO author VALUES( 9789605932893,'Έφη Κοκκινάκη');
INSERT INTO genre VALUES( 9789605932893,'ΠΑΙΔΙΚΑ/ ΠΑΡΑΜΥΘΙΑ - ΛΟΓΟΤΕΧΝΙΚΑ [520]');
INSERT INTO keyword VALUES( 9789605932893,'Παραμύθι');

INSERT INTO book VALUES( 9789601420561,'Μαρδούκ!','Α. Α. Λιβάνη',129,'Greek','http://dim-flamour.pel.sch.gr/myLib/bookimg/b149464.jpg','O Μάριος δε βρίσκει το λόγο να χάνει xρόνο με το διάβασμα και προτιμά να παίζει ηλεκτρονικά παιχνίδια. Όταν όμως προκηρύσσεται ένας σχολικός διαγωνισμός με θέμα Κοιτάζω τ αστέρια κι αναρωτιέμαι... και έπαθλο τη συμμετοχή σε διαστημική κατασκήνωση, ανακαλύπτει μια καινούρια χρήση του υπολογιστή και των βιβλίων και εμπνέεται για να ασχοληθεί με το σύμπαν και τα μυστικά του. Το λάθος του Μάριου είναι πως βάζει στοίχημα με την Αθηνά, την καλύτερη μαθήτρια του σχολείου, ότι αυτός θα κερδίσει το βραβείο, και τώρα δεν μπορεί να κάνει πίσω. Τι μπελάς! Η Ελίνα, η Ελπίδα και ο Έκτορας προσφέρονται να βοηθήσουν τον Μάριο, αλλά αυτό δεν αρκεί. Έτσι, ζητάει τη βοήθεια της αδερφής του, τη στιγμή που εκείνη ετοιμάζεται να συναντηθεί με κάποιον νεαρό που γνώρισε στο Ίντερνετ. Ένα παράξενο ταξίδι στο χρόνο, ένας αστρονόμος κι o Μαρδούκ, που ζει 4.500 χρόνια πριν από την εποχή μας, έρχονται να συμπληρώσουν την ιστορία.');
INSERT INTO author VALUES( 9789601420561,'Λιάνα Δενεζάκη');
INSERT INTO genre VALUES( 9789601420561,'Παιδική και εφηβική λογοτεχνία, Ελληνική [889.9]');
INSERT INTO keyword VALUES( 9789601420561,'Παραμύθι');

INSERT INTO book VALUES( 9789605012083,'Ένας ασπρόμαυρος ζωγράφος','Μεταίχμιο',57,'Greek','http://dim-flamour.pel.sch.gr/myLib/bookimg/b162900%20(1).jpg','Στη χώρα που βρίσκεται κάτω από τον αστερισμό του Καλειδοσκοπίου, ένας νεαρός καλλιτέχνης, ο Ασπρόμαυρος Φίλμους, ζωγραφίζει μόνο με άσπρο και μαύρο χρώμα. Και σαν να μην έφτανε αυτό, ο Ασπρόμαυρος ζωγραφίζει μόνο άσπρα, μαύρα ή ασπρόμαυρα θέματα. Η όμορφη και φιλόδοξη μητέρα του, μια τέως αφρικανή πριγκίπισσα, δεν το βάζει κάτω. Θέλει σώνει και καλά ο γιος της να γίνει ένας τυπικός ζωγράφος όλων των χρωμάτων. Μήπως ο Ασπρόμαυρος χρειάζεται επειγόντως γιατρό; Μήπως έχει αχρωματοψία; Μήπως έχει αλλεργία; Τι θα γίνει τελικά; Ένα παραμύθι για τη διαφορετικότητα, για εκείνους που αισθάνονται διαφορετικοί, αλλά και για εκείνους που τολμούν να είναι διαφορετικοί. Το βιβλίο εντάσσεται στη σειρά Διαβάζω ιστορίες - Αεροπλάνο 8+, η οποία περιλαμβάνει ιστορίες έως 2.200 λέξεις που βοηθούν το παιδί που διαβάζει άνετα να αγαπήσει το βιβλίο.');
INSERT INTO author VALUES( 9789605012083,'Λίνα Μουσιώνη');
INSERT INTO author VALUES( 9789605012083,'Κατερίνα Βερούτσου');
INSERT INTO author VALUES( 9789605012083,'Ρένα Ρώσση');
INSERT INTO genre VALUES( 9789605012083,'Παιδική και εφηβική λογοτεχνία [889.9]');
INSERT INTO keyword VALUES( 9789605012083,'Εικονογραφημένο');

INSERT INTO book VALUES( 9789602745472,'Με τη Μάγια στο πλευρό μου δε φοβάμαι τον εχθρό μου','Ψυχογιός',57,'Greek','http://dim-flamour.pel.sch.gr/myLib/bookimg/b54073.jpg','Η Λίζα Τόμσον είναι απαρηγόρητη. Ο Αλητάκος, ο αγαπημένος της γάτος, έχει χαθεί. Πού να είναι, άραγε; Μήπως δε ζει πια; Μήπως κάτι άλλο έχει συμβεί; Η Λίζα παίρνει τη μεγάλη απόφαση. Πρέπει μόνη της να λύσει το μυστήριο. Κανείς δεν μπορεί να τη βοηθήσει. Κανείς; Όχι βέβαια! Η Μάγια η Μαγιοπούλα βρίσκεται ξανά κοντά μας! Βάζει σε εφαρμογή τις κρυφές της δυνάμεις και... Δεν μπορείτε ούτε να φανταστείτε τι γίνεται στη συνέχεια!');
INSERT INTO author VALUES( 9789602745472,'Terence Blacker');
INSERT INTO author VALUES( 9789602745472,'Ντίνα Καρύδη');
INSERT INTO author VALUES( 9789602745472,'Tony Ross');
INSERT INTO genre VALUES( 9789602745472,'Παιδικά βιβλία [899.91]');
INSERT INTO keyword VALUES( 9789602745472,'Εικονογραφημένο');
INSERT INTO keyword VALUES( 9789602745472,'Παραμύθι');
INSERT INTO keyword VALUES( 9789602745472,'Ξένο');

INSERT INTO book VALUES( 9786185151225,'Ψάρια στον γιαλό με πλακάτ και με πανό','Κόκκινη Κλωστή Δεμένη',64,'Greek','http://dim-flamour.pel.sch.gr/myLib/bookimg/b211255.jpg','Μια παρέα παιδιών φτιάχνουν πύργους και αμμοπολιτείες στην παραλία, όταν ξαφνικά σηκώνονται πελώρια κύματα, που τους κόβουν την ανάσα. Και τι να δουν; Διάφορα θαλασσινά βγαίνουν στο γιαλό για να διαδηλώσουν με πλακάτ και με πανό! Ο λόγος της διαμαρτυρίας τους είναι ότι η Ρύπανση και η Μόλυνση έχουν κάνει τη ζωή τους ανυπόφορη μες στη Θαλασσοχώρα. Όμως, το μεγαλύτερο παράπονό τους είναι η ανθρώπινη αδιαφορία. Αυτή είναι που προκαλεί την αλόγιστη καταστροφή του περιβάλλοντος. Αμέσως τα παιδιά βάζουν τα δυνατά τους για να βρουν μια λύση... ένα μέσο μαγικό. Άραγε θα καταφέρουν να σώσουν τα θαλασσινά και τον πολύτιμο βυθό; Ένα παραμύθι που στο τέλος γίνεται και παιχνίδι θεατρικό!');
INSERT INTO author VALUES( 9786185151225,'Άννα Δενδρινού');
INSERT INTO author VALUES( 9786185151225,'Ντίνα Καρύδη');
INSERT INTO genre VALUES( 9786185151225,'Παιδική και εφηβική λογοτεχνία [889.9]');
INSERT INTO keyword VALUES( 9786185151225,'Παραμύθι');

INSERT INTO book VALUES( 9789606000126,'Ο Τριγωνοψαρούλης','Πατάκη',68,'Greek','http://dim-flamour.pel.sch.gr/myLib/bookimg/b11580.jpg','Ο Τριγωνοψαρούλης είναι ένα ψάρι που δε μοιάζει με κανένα άλλο. Κι έτσι, όλα τα πλάσματα του βυθού τον κοροϊδεύουν. Όμως, όταν έρχεται η ώρα, δείχνει τις δυνατότητές του και προσφέρει τη σωτηρία... κι ένα δίδαγμα.');
INSERT INTO author VALUES( 9789606000126,'Βαγγέλης Ηλιόπουλος');
INSERT INTO author VALUES( 9789606000126,'Λήδα Βαρβαρούση');
INSERT INTO genre VALUES( 9789606000126,'Παιδική και εφηβική λογοτεχνία [889.9]');
INSERT INTO keyword VALUES( 9789606000126,'Εικονογραφημένο');
INSERT INTO keyword VALUES( 9789606000126,'Παραμύθι');

INSERT INTO book VALUES( 9789605011567,'Μια Κυριακή του Απρίλη','Μεταίχμιο',50,'Greek','http://dim-flamour.pel.sch.gr/myLib/bookimg/b162914.jpg','Ο Μάνος ελπίζει σήμερα που είναι Κυριακή και μάλιστα έχει και λιακάδα να γίνει κάτι αλλιώτικο. Καθώς περνάει η μέρα και έρχεται το βράδυ χωρίς να γίνει κάτι συνταρακτικό, μάλλον απογοητεύεται. Όμως, η φαντασία, τα όνειρά μας και τα πράγματα που μας αρέσουν περισσότερο μπορούν να κάνουν όλες τις Κυριακές του Απρίλη διασκεδαστικές.');
INSERT INTO author VALUES( 9789605011567,'Άλκη Ζέη');
INSERT INTO author VALUES( 9789605011567,'Σοφία Ζαραμπούκα');
INSERT INTO genre VALUES( 9789605011567,'Παιδική και εφηβική λογοτεχνία [889.9]');
INSERT INTO keyword VALUES( 9789605011567,'Εικονογραφημένο');

INSERT INTO book VALUES( 9789600445572,'Με το δράκο του ουράνιου τόξου','Κέδρος',392,'Italian','http://dim-flamour.pel.sch.gr/myLib/bookimg/b198440.jpg','Αγαπητοί μου φίλοι, ελάτε να ταξιδέψουμε μαζί στο Βασίλειο της Φαντασίας πετώντας πάνω στα φτερά του Δράκου του Ουράνιου Τόξου! Θα αντιμετωπίσουμε μαζί πολλούς κινδύνους και θα ενωθούμε με τη Συντροφιά της Φαντασίας για να αναμετρηθούμε με το Σκοτεινό Στρατό του Βασιλιά των Εφιαλτών, να ελευθερώσουμε τη Βασίλισσα των Νεράιδων και να φέρουμε ξανά την άνοιξη στο Βασίλειο της Φαντασίας. Ακολουθήστε με και θα περάσουμε αξέχαστα. Σας το εγγυώμαι εγώ, ο Τζερόνιμο Στίλτον! Ο Τζερόνιμο Στίλτον ζει στην Ποντικούπολη της Ποντικονήσου, ένα παράξενο νησί που μοιάζει με μισοφαγωμένο κομμάτι τυρί και βρίσκεται στο Νότιο Τρωκτικό Ωκεανό. Εκεί η φύση είναι προστατευμένη και οι ποντικοί ζουν ευτυχισμένοι. Σπούδασε Ποντικολογία και Φιλολογία των Τρωκτικών καθώς και Συγκριτική Αρχαιοποντικολογία. Διευθύνει την Ηχώ των Τρωκτικών, την πιο επιτυχημένη εφημερίδα της Ποντικονήσου. Στον ελεύθερο χρόνο του, ο Τζερόνιμο συλλέγει παλιές κρούστες παρμεζάνας του 17ου αιώνα, αλλά αυτό που αγαπά περισσότερο είναι να γράφει βιβλία στα οποία αφηγείται τις συναρπαστικές περιπέτειές του! Έχει λάβει πολλές διακρίσεις, μεταξύ των οποίων το βραβείο Πόντιτζερ για το βιβλίο του Το μυστήριο του χαμένου θησαυρού. Τα βιβλία του έχουν μεταφραστεί σε 45 γλώσσες και έχουν πουλήσει 100 εκατομμύρια αντίτυπα παγκοσμίως! Είναι τα βιβλία που απολαμβάνουν τα παιδιά γιατί έχουν χιούμορ, δράση, και πολλές ανατροπές και που εμπιστεύονται γονείς και εκπαιδευτικοί γιατί μεταδίδουν διαχρονικές ηθικές αξίες. Ο αναγνώστης ταυτίζεται με αυτόν');
INSERT INTO author VALUES( 9789600445572,'Geronimo Stilton');
INSERT INTO author VALUES( 9789600445572,'Βίκυ Λιανού');
INSERT INTO genre VALUES( 9789600445572,'Παιδική και εφηβική λογοτεχνία [899.9]');
INSERT INTO keyword VALUES( 9789600445572,'Άλογα');
INSERT INTO keyword VALUES( 9789600445572,'Εικονογραφημένο');
INSERT INTO keyword VALUES( 9789600445572,'Παραμύθι');

INSERT INTO book VALUES( 9789600444209,'Ταξίδι στο βασίλειο της Φαντασίας: Η αναζήτηση της ευτυχίας','Κέδρος',392,'Italian','http://dim-flamour.pel.sch.gr/myLib/bookimg/b193013.jpg','Αγαπητοί μου φίλοι, τι λέτε, θα μου κάνετε συντροφιά στη νέα περιπέτειά μου στο Βασίλειο της Φαντασίας; Θα διασχίσουμε τη βρομερή Χώρα των Ορκ, τη λαχταριστή Χώρα των Γλυκών, τη διασκεδαστική Χώρα των Παιχνιδιών και τη λαμπερή Χώρα του Χρυσού. Θα πραγματοποιήσουμε μια Μεγάλη Αναζήτηση, για να βρούμε το ΜΥΣΤΙΚΟ ΤΗΣ ΕΥΤΥΧΙΑΣ! Ακολουθήστε με? και θα το ανακαλύψετε κι εσείς! Σας το εγγυώμαι εγώ, ο Τζερόνιμο Στίλτον!');
INSERT INTO author VALUES( 9789600444209,'Geronimo Stilton');
INSERT INTO author VALUES( 9789600444209,'Βίκυ Λιανού');
INSERT INTO author VALUES( 9789600444209,'Franscesco Barbieri');
INSERT INTO author VALUES( 9789600444209,'Silvia Bigolin');
INSERT INTO author VALUES( 9789600444209,'Federico Brusco');
INSERT INTO author VALUES( 9789600444209,'Lorenzo Chiavini');
INSERT INTO author VALUES( 9789600444209,'Michele Dallorso');
INSERT INTO genre VALUES( 9789600444209,'Παιδική και εφηβική λογοτεχνία [899.9]');
INSERT INTO keyword VALUES( 9789600444209,'Εικονογραφημένο');
INSERT INTO keyword VALUES( 9789600444209,'Παραμύθι');
INSERT INTO keyword VALUES( 9789600444209,'Ξένο');
INSERT INTO keyword VALUES( 9789600444209,'Ποντίκια');


INSERT INTO book VALUES( 9789604429486,'Οι πειρατές της Καραϊβικής : Στο τέλος του κόσμου','Ελληνικά Γράμματα',192,'Greek','http://dim-flamour.pel.sch.gr/myLib/bookimg/b120973.jpg','Από την πρώτη σύναξη του Συμβουλίου των Αδελφών, τότε που οι πρώτοι Αρχιπειρατές όρισαν τους νόμους των Επτά Θαλασσών, η κυριαρχία των πειρατών ήταν αδιαμφισβήτητη. Τώρα όμως ο λόρδος Μπέκετ θέλει να βάλει τέλος σ αυτή τη θαλασσοκρατία. Από τον καπετάνιο Τζακ Σπάροου και τους άλλους Αρχιπειρατές εξαρτάται πλέον να ξεπεράσουν αυτή τη σοβαρή απειλή. Αν αποτύχουν, οι Πειρατές της Καραϊβικής θα χαθούν για πάντα.');
INSERT INTO author VALUES( 9789604429486,'Βασιλικη Κοκκινου');
INSERT INTO genre VALUES( 9789604429486,'Παιδική και εφηβική λογοτεχνία [899.9]');
INSERT INTO keyword VALUES( 9789604429486,'Πειρατές');

INSERT INTO book VALUES( 9789600447699,'Η συντροφιά των ασημένιων Δράκων','Κέδρος',392,'Greek','http://dim-flamour.pel.sch.gr/myLib/bookimg/b214422.jpg','Κάποιος έκλεψε το τελευταίο αυγό δράκου και, αν αυτό καταστραφεί, η γενιά των δράκων θα εξαφανιστεί! Είστε έτοιμοι για ακόμη ένα ταξίδι στο Βασίλειο της Φαντασίας; Mας περιμένουν ένα σωρό εκπληκτικές περιπέτειες και απρόσμενοι κίνδυνοι, για να ξαναφέρουμε την ειρήνη στο Βασίλειο της Φαντασίας!');
INSERT INTO author VALUES( 9789600447699,'Geronimo Stilton');
INSERT INTO author VALUES( 9789600447699,'Γιώργος Κασαπίδης');
INSERT INTO author VALUES( 9789600447699,'Danillo Barozzi');
INSERT INTO genre VALUES( 9789600447699,'Παιδική και εφηβική λογοτεχνία [899.9]');
INSERT INTO keyword VALUES( 9789600447699,'Εικονογραφημένο');
INSERT INTO keyword VALUES( 9789600447699,'Παραμύθι');
INSERT INTO keyword VALUES( 9789600447699,'Ξένο');
INSERT INTO keyword VALUES( 9789600447699,'Ποντίκια');

INSERT INTO book VALUES( 9789600447064,'Μία, το αόρατο κορίτσι','Κέδρος',208,'Greek','http://dim-flamour.pel.sch.gr/myLib/bookimg/b210220.jpg','Η Μία ζει στα μπλε προάστια της πολύχρωμης πόλης Μηδέν. Αν ήταν και η ίδια μπλε, δε θα είχε κανένα πρόβλημα. Το δέρμα της όμως είναι διάφανο σαν μια σταγόνα νερό. Τα παιδιά στο σχολείο την κοροϊδεύουν, και πολλές φορές εύχεται να ήταν πράγματι αόρατη, όπως την αποκαλούν. Σαν να μην έφτανε αυτό, εμφανίζεται στη ζωή της και η μυστηριώδης Επιχείρηση Ασήμι. Ποιοι είναι μπλεγμένοι σ? αυτήν, και ποια είναι τα σκοτεινά τους σχέδια; Το μόνο που ξέρει η Μία είναι πως κάποιοι θέλουν να της κάνουν κακό. Τι κάνει; Το σκάει φυσικά, βρίσκοντας καταφύγιο στο Σπίτι των Ευχών. Εκεί θα γνωρίσει καινούριους φίλους και θα συναντήσει ανθρώπους όλων των χρωμάτων, όπως και ουράνιους τόξους. Η περιπέτειά της, όμως, μόλις έχει αρχίσει. Γιατί ο κίνδυνος παραμονεύει...');
INSERT INTO author VALUES( 9789600447064,'Δέσποινα Μάντζαρη');
INSERT INTO genre VALUES( 9789600447064,'Παιδική και εφηβική λογοτεχνία [889.9]');
INSERT INTO keyword VALUES( 9789600447064,'Κοριτσίστικο');
INSERT INTO keyword VALUES( 9789600447064,'Εικονογραφημένο');
INSERT INTO keyword VALUES( 9789600447064,'Παραμύθι');
INSERT INTO keyword VALUES( 9789600447064,'Ξένο');

INSERT INTO book VALUES( 9789600360301,'Ο Καρλ, ο Φριτς και το αυγό της ευτυχίας','Καστανιώτη',144,'Greek','http://dim-flamour.pel.sch.gr/myLib/bookimg/b208901.jpg','Ένας κήπος κι ένα δέντρο στολισμένο με αβγά όλο το χρόνο, χειμώνα και καλοκαίρι, άνοιξη και φθινόπωρο. Ένας παππούς κι ο εγγονός του. Και από δίπλα ένα σωρό άνθρωποι που θαυμάζουν το διακοσμημένο δέντρο. Τι συμβαίνει όμως όταν ένα από τα χιλιάδες αβγά ξεκολλάει από ένα κλαδί, πέφτει και κατά μυστήριο και μαγικό τρόπο αρχίζει να κυλά χωρίς να σπάσει; Και γιατί το κυνηγάνε όλοι; Πώς είναι δυνατόν άλλος να το περνάει για μπάλα και άλλη για μαργαριτάρι, ένας τρίτος για κομήτη και κάποιος άλλος για τη Σελήνη; Το βιβλίο αυτό είναι εμπνευσμένο από ένα παρόμοιο αβγόδεντρο στη Γερμανία και μιλά για το κυνήγι της ευτυχίας και για το τι τελικά είναι αυτή. Ένα μυθιστόρημα γραμμένο με χιούμορ και δράση, όπου όλοι τρέχουν πίσω από ένα αβγό που κυλά και που τελικά ίσως αυτό σταματήσει στα πόδια του αναγνώστη, καλώντας κι αυτόν να αναρωτηθεί τι είναι τελικά η ευτυχία. Στο βιβλίο υπάρχει παράρτημα με το μυθιστόρημα κατάλληλα διασκευασμένο σε θεατρικό για σχολικές παραστάσεις. Οι σκηνές που περιλαμβάνονται προσφέρουν ευελιξία στον εκπαιδευτικό να τις προσαρμόσει ανάλογα με τις ανάγκες κάθε τάξης.');
INSERT INTO author VALUES( 9789600360301,'Βασίλης Παπαθεοδώρου');
INSERT INTO author VALUES( 9789600360301,'Λίλα Καλογερή');
INSERT INTO genre VALUES( 9789600360301,'Παιδική και εφηβική λογοτεχνία, Ελληνική [889.9]');
INSERT INTO keyword VALUES( 9789600360301,'Ψυχολογία');
INSERT INTO keyword VALUES( 9789600360301,'Εικονογραφημένο');
INSERT INTO keyword VALUES( 9789600360301,'Παραμύθι');

INSERT INTO book VALUES( 9789605671280,'Ο μάγος του Οζ','Διάπλαση',144,'Greek','http://dim-flamour.pel.sch.gr/myLib/bookimg/b218360.jpg','Η μικρή Ντόροθι, παρασυρμένη από έναν κυκλώνα, μεταφέρεται μαζί με το σκυλάκι της σε μια χώρα όπου συμβαίνουν αλλόκοτα πράγματα. Ο μόνος τρόπος να επιστρέψει στο σπίτι της είναι να φτάσει στη Σμαραγδένια Πολιτεία και να βρει τον φοβερό Μάγο του Οζ, τον μόνο που έχει τη δύναμη να τη βοηθήσει. Όμως πρέπει να περάσει πολλές δοκιμασίες μέχρι να φτάσει εκεί. Οι παράξενοι φίλοι που τη συνοδεύουν πόσο χρήσιμοι θα της φανούν σε τούτη τη μεγάλη περιπέτεια; Ένα συναρπαστικό βιβλίο που θα ταξιδέψει τους αναγνώστες στη χαρά, το όνειρο και την πίστη στο θαύμα που όλοι κρύβουμε μέσα μας.');
INSERT INTO author VALUES( 9789605671280,'Lyman Baum');
INSERT INTO author VALUES( 9789605671280,'Κατερίνα Μουρίκη');
INSERT INTO author VALUES( 9789605671280,'Νέστορας Ξουρής');
INSERT INTO genre VALUES( 9789605671280,'Παιδική και εφηβική λογοτεχνία [899.9]');
INSERT INTO keyword VALUES( 9789605671280,'Εικονογραφημένο');
INSERT INTO keyword VALUES( 9789605671280,'Παραμύθι');

INSERT INTO book VALUES( 9789605940355,'Το γυάλινο νησί και οι πειρατές','Καλέντης',80,'Greek','http://dim-flamour.pel.sch.gr/myLib/bookimg/b224890.jpg','Ο πιο καλός μου φίλος είναι ένα μικρό δελφίνι. Μαζί του έζησα περιπέτειες που δεν τις βάζει ο νους σας. Με τα φτερά της φαντασίας ταξιδέψαμε στο γυάλινο νησί, ένα πολύτιμο πετράδι στην αγκαλιά της θάλασσας. Εκεί όλα ήταν γυάλινα, ακόμη και οι άνθρωποί του, που έβλεπες ό,τι έχουν στο μυαλό και στην καρδιά τους. Εκεί κατοικούσε και η Διάφανη, το πανέμορφο κρυστάλλινο κορίτσι, η ψυχή του γυάλινου νησιού. Μαζί έφτιαξαν έναν κόσμο γαλήνιο, ειρηνικό, όπως αυτόν που ονειρευόμαστε όλοι. Αλλά επειδή αυτός ο κόσμος ήταν γυάλινος, με το παραμικρό κινδύνευε να σπάσει. Και λίγο έλειψε να γίνει το κακό όταν ο φιλόδοξος ναύαρχος Τζαμάκης ύψωσε έναν συρμάτινο φράχτη φυλακίζοντας τους γυάλινους ανθρώπους, αλλά κι όταν οι πειρατές πήγαν να κλέψουν τη Διάφανη. Ευτυχώς έσωσε την κατάσταση η φτερωτή κρυστάλλινη γοργόνα που φύλαγε το γυάλινο νησί. Βοηθήσαμε όμως κι εμείς. Το δελφινάκι, εγώ κι ο ποιητής Τζίμπο βάλαμε το χεράκι μας και ο θαυμαστός γυάλινος κόσμος δεν έσπασε. Δεν έγινε θρύψαλα και κομμάτια κι έτσι μπορείτε να το επισκέπτεστε κι εσείς. Πώς; Αφήστε ελεύθερη τη φαντασία σας κι εκείνη θα σας οδηγήσει εκεί. Μία απολαυστική περιπέτεια για τα φτερά που μας χαρίζει η θέληση και η φαντασία.');
INSERT INTO author VALUES( 9789605940355,'Έρση Δοξακοπούλου-Ντουράκη');
INSERT INTO author VALUES( 9789605940355,'Κωνσταντίνος Μήτσου');
INSERT INTO genre VALUES( 9789605940355,'Παιδική και εφηβική λογοτεχνία [889.9]');
INSERT INTO keyword VALUES( 9789605940355,'Εφηβικό');

INSERT INTO book VALUES( 9786180126716,'Λιανοκέρια της μικρής πατρίδας','Ψυχογιός',624,'Greek','http://dim-flamour.pel.sch.gr/myLib/bookimg/b232330.jpg','Μόι μάικα... Μάνα μου... Της σκούπισε το ιδρωμένο μέτωπο η Αρετή, άνοιξε η μικρή τα βλέφαρά της και την κοίταξε με μάτια μουσκεμένα. Τη μάνα σου έβλεπες, Βάσιλκα; Τη φώναζες στον ύπνο σου... Τη μάνα μου δεν τη θυμάμαι, δεν τη γνώρισα ποτέ, πώς να τη δω;» της αποκρίθηκε σιγαλόφωνα, ανάκατα, μισά ελληνικά, μισά βουλγάρικα. Εσένα έβλεπα... συνέχισε με χειλάκια τρεμάμενα. Εσένα έβλεπα, κυρά δασκάλα... Στη χαραυγή του εικοστού αιώνα, αδυσώπητος μαίνεται ο αγώνας στη σκλάβα Μακεδονία. Η γη ματώνει, ο ελληνισμός ψυχορραγεί. Τούρκοι, Βούλγαροι, κομιτάτα, πυρπολήσεις, εκτελέσεις, αμέτρητες θυσίες. Γυναίκες της μικρής πατρίδας. Δασκάλες, νοσοκόμες. Σαν την Αρετή, σαν τη Φωτεινή. Κι άγουρα βλαστάρια, με βάσανο μεγαλωμένα, με κίνδυνο αναστημένα. Σαν τη μικρούλα Βάσιλκα, που μάνα δε γνώρισε ποτέ, μια χούφτα μόνο τα χρόνια της, γιομάτα πείνα και κατατρεγμό, οχτώ χρονών παιδί και την έχουν σαρώσει τα δεινοπαθήματα όλου του κόσμου. Σαν τον Μήλιο και την Ανθή, κλωνιά απογυμνωμένα καταμεσής σε άγριο πόλεμο, με σπίτι πυρπολημένο και γονιούς χαμένους στις επιθέσεις των κομιτατζήδων. Λιανοκέρια της μικρής πατρίδας. Φλόγες που τρεμοσβήνουν στο ξεροβόρι. Φύλλα σκόρπια στο άγιο χώμα της.');
INSERT INTO author VALUES( 9786180126716,'Θοδωρής Παπαθεοδώρου');
INSERT INTO genre VALUES( 9786180126716,'Ιστορικό μυθιστόρημα [889.3]');
INSERT INTO keyword VALUES( 9786180126716,'Ιστορικό');
INSERT INTO keyword VALUES( 9786180126716,'1900');

INSERT INTO book VALUES( 9789604530731,'Αρμαγεδδών','Ψυχογιός',768,'German','http://dim-flamour.pel.sch.gr/myLib/bookimg/b112823.jpg','Το βιβλίο αυτό είναι η ιστορία των τελευταίων οκτώ μηνών του 2ου Παγκοσμίου Πολέμου στη Βόρεια Ευρώπη όταν οι Γερμανοί βρήκαν τη δύναμη να σταματήσουν το προπορευόμενο τμήμα των Συμμάχων και να παρατείνουν τον πόλεμο μέχρι το 1945. Το συγγραφικό ύφος του Χέιστινγκς είναι προσιτό σε κάθε αναγνώστη: είναι καλογραμμένο, ισορροπημένο και γεμάτο ενδιαφέρον. Τέλεια διανθισμένο με ανέκδοτες ιστορίες στρατιωτικών της περιόδου, επιτρέπει στον αναγνώστη να κατανοήσει την πραγματική διάσταση της σύγκρουσης. Ένα επικό βιβλίο-ντοκουμέντο για το τέλος του 2ου Παγκοσμίου Πολέμου, γραμμένο από έναν από τους καλύτερους στρατιωτικούς ιστορικούς της Βρετανίας.');
INSERT INTO author VALUES( 9789604530731,'Μαξ Χέιστινγκς');
INSERT INTO author VALUES( 9789604530731,'Βαγγέλης Κατσάνης');
INSERT INTO genre VALUES( 9789604530731,'Ιστορικό [940.53]');
INSERT INTO keyword VALUES( 9789604530731,'Ιστορικό');
INSERT INTO keyword VALUES( 9789604530731,'Πόλεμος');
INSERT INTO keyword VALUES( 9789604530731,'Πολεμικό');

INSERT INTO book VALUES( 9789605670603,'Ο σάκος του Αη-Βασίλη','Διάπλαση',80,'Greek','http://dim-flamour.pel.sch.gr/myLib/bookimg/b197756.jpg','Αλφαβητάρια υπάρχουν πολλά. Του Αϊ-Βασίλη όμως είναι ΜΟΝΑΔΙΚΟ. Γεμάτο εκπλήξεις, προσφέρει στα μικρά παιδιά ευκαιρίες για μάθηση μέσα από το παιχνίδι και την ψυχαγωγία. Ο Αϊ-Βασίλης χρειάζεται βοηθούς για να διαλέξει τα δώρα για τα παιδιά. Τη θέση αυτή παίρνει το παιδί-αναγνώστης και με τη συνεργασία του με τον Αϊ-Βασίλη ευαισθητοποιείται φωνολογικά και μαθαίνει τα γράμματα και τους ήχους τους, μέσα από ειδικά διαμορφωμένες γλωσσικές δραστηριότητες.');
INSERT INTO author VALUES( 9789605670603,'Θεοδώρα Τσιβούλη');
INSERT INTO author VALUES( 9789605670603,'Γιώργος Σγουρός');
INSERT INTO genre VALUES( 9789605670603,'Παιδικές δραστηριότητες [372.8]');
INSERT INTO keyword VALUES( 9789605670603,'Χριστούγεννα');
INSERT INTO keyword VALUES( 9789605670603,'Εικονογραφημένο');
INSERT INTO keyword VALUES( 9789605670603,'Παραμύθι');

INSERT INTO book VALUES( 9789606883835,'500 ΤΑΞΙΔΙΑ ΖΩΗΣ 1 ΤΟΜΟΣ','NATIONAL GEOGRAPHIC SOCIETY',200,'Greek','http://dim-flamour.pel.sch.gr/myLib/bookimg/BBFF502CFD75C9458B17AF878E9CA467.jpg','ΤΟΜΟΣ 1 ΕΙΣΑΓΩΓΗ: ΤΑΞΙΔΕΨΤΕ, ΕΞΕΡΕΥΝΗΣΤΕ ΚΑΙ ΓΝΩΡΙΣΤΕ ΤΟΝ ΚΟΣΜΟ 1. ΕΝ ΠΛΩ Αξέχαστα ταξίδια με πολυτελή κρουαζιερόπλοια αλλά και κανό 2. ΟΔΙΚΩΣ Θρυλικές διαδρομές και άγνωστοι παρακαμπτήριοι δρόμοι 3. ΜΕ ΤΑ ΠΟΔΙΑ Ο αρχαιότερος τρόπος περιήγησης - και ο πιο φιλικός στο περιβάλλον 4. ΓΑΣΤΡΟΝΟΜΙΚΟΙ ΠΑΡΑΔΕΙΣΟΙ Ταξίδι στον κόσμο των γεύσεων.');
INSERT INTO author VALUES( 9789606883835,'ΛΙΑΝΟΠΟΥΛΟΥ ΕΛΙΣΑΒΕΤ');
INSERT INTO author VALUES( 9789606883835,'ΦΩΣΚΟΛΟΥ ΑΝΝΑ');
INSERT INTO author VALUES( 9789606883835,'ΓΙΑΠΙΤΖΗ ΝΑΤΑΣΑ');
INSERT INTO genre VALUES( 9789606883835,'ΓΕΩΓΡΑΦΙΑ ΟΔΗΓΟΙ ΧΑΡΤΕΣ [910]');
INSERT INTO keyword VALUES( 9789606883835,'Οδηγός');
INSERT INTO keyword VALUES( 9789606883835,'Χάρτης');

INSERT INTO book VALUES( 9789606883842,'500 ΤΑΞΙΔΙΑ ΖΩΗΣ 2 ΤΟΜΟΣ','NATIONAL GEOGRAPHIC SOCIETY',402,'Greek','http://dim-flamour.pel.sch.gr/myLib/bookimg/c69fc1eb-4a0e-4b1a-ab31-7556373d72a1_4.jpg','ΤΟΜΟΣ 2');
INSERT INTO author VALUES( 9789606883842,'ΛΙΑΝΟΠΟΥΛΟΥ ΕΛΙΣΑΒΕΤ');
INSERT INTO author VALUES( 9789606883842,'ΠΑΠΑΔΟΠΟΥΛΟΣ ΓΙΩΡΓΟΣ');
INSERT INTO genre VALUES( 9789606883842,'ΓΕΩΓΡΑΦΙΑ ΟΔΗΓΟΙ ΧΑΡΤΕΣ [910]');
INSERT INTO keyword VALUES( 9789606883842,'Οδηγός');
INSERT INTO keyword VALUES( 9789606883842,'Χάρτης');

INSERT INTO book VALUES( 9789605940409,'Μπανταουί, ένα παιδί από την έρημο','Καλέντης',256,'Greek','http://dim-flamour.pel.sch.gr/myLib/bookimg/b224892.jpg','Ο νεαρός Μαγιούφ είναι Μπανταουί, ένας Βεδουίνος της ερήμου. Με τόλμη και θέληση, θα εναντιωθεί στη μοίρα της φυλής του, θα πάει στο σχολείο και θα διακριθεί. Μακριά από την πατρίδα του, σε μια άλλη χώρα, θα εκπληρώσει το όνειρό του για μια διαφορετική ζωή, ώσπου το ποτάμι της μνήμης θα τον γυρίσει πίσω... Βασισμένο στη ζωή του ιδρυτή του Ομίλου Αλτράντ, Μοχέντ Αλτράντ, ο οποίος γεννήθηκε σε μια σκηνή Βεδουίνων, το βιβλίο Μπανταουί-Ένα παιδί από την έρημο (Badawi) τιμήθηκε το 2003 με το βραβείο PlumAdely και προτείνεται ως ανάγνωσμα στα σχολεία της Γαλλίας και της Αγγλίας.');
INSERT INTO author VALUES( 9789605940409,'Mohed Altrad');
INSERT INTO author VALUES( 9789605940409,'Τίνα Πλυτά');
INSERT INTO genre VALUES( 9789605940409,'Παιδική και εφηβική λογοτεχνία [899.9]');
INSERT INTO genre VALUES( 9789605940409,'Μεταφρασμένη');
INSERT INTO keyword VALUES( 9789605940409,'Εφηβικό');


INSERT INTO book VALUES( 9786180117202,'Μην πυροβολείτε τη νύφη','Ψυχογιός',344,'Greek','http://dim-flamour.pel.sch.gr/myLib/bookimg/b212002.jpg','Όταν η τριαντατριάχρονη Άννα λαμβάνει προσκλητήριο γάμου από τη συμμαθήτριά της Μαριάνθη, που είναι μέχρι στιγμής ανύπαντρη όπως και η ίδια, πανικοβάλλεται. Μένει η μοναδική πλέον αστεφάνωτη της παλιοπαρέας και το γεγονός ότι θα παραστεί σε ακόμη έναν γάμο ασυνόδευτη και θα πρέπει να εισπράξει τα γεμάτα συμπόνια αλλά και ερωτηματικά βλέμματα όλων τη φτάνει στα όριά της. Τα λόγια της συγχωρεμένης γιαγιάς της, της Αννιώς, τη στοιχειώνουν: «Κοίταξε μη μείνεις στο ράφι σαν τη θεία σου τη Χρυσούλα». Κι όμως, από μικρό κοριτσάκι ονειρευόταν τη μέρα που θα φορούσε το λευκό νυφικό. Πώς τα κατάφερε και είναι ακόμη όχι μόνο χωρίς σύζυγο, αλλά και χωρίς σύντροφο; Νόστιμη είναι, μορφωμένη είναι, καλή δουλειά και δικό της σπίτι έχει, τι φταίει λοιπόν; Πώς θα δικαιολογήσει ξανά την απουσία ενός άντρα δίπλα της; Αυτή τη φορά η Άννα είναι αποφασισμένη να φτάσει στα άκρα. Όταν μπροστά από τις μεγαλύτερες επιθυμίες σου γιγαντώνονται αξεπέραστα εμπόδια, δύο πράγματα συμβαίνουν: Ή εγκαταλείπεις ή πεισμώνεις. Κι η Άννα πεισμώνει. Σε αυτό τον γάμο πρέπει να εμφανιστεί με έναν σύζυγο... ή έστω με έναν αρραβωνιαστικό. Της μένουν μόνο δύο εβδομάδες για να τον βρει. Δε γνωρίζει όμως πως κάποιες φορές ο μεγαλύτερος πόθος μας μπορεί να καταλήξει στον χειρότερο εφιάλτη...');
INSERT INTO author VALUES( 9786180117202,'Χρυσηίδα Δημουλίδου');
INSERT INTO genre VALUES( 9786180117202,'Μυθιστόρημα [889.3]');
INSERT INTO keyword VALUES( 9786180117202,'Μυθιστόρημα');
INSERT INTO keyword VALUES( 9786180117202,'Εφηβικό');

INSERT INTO book VALUES( 9786180125269,'Το ευχόδεντρο','Ψυχογιός',216,'Greek','http://dim-flamour.pel.sch.gr/myLib/bookimg/b230750.jpg','Τα δέντρα δεν ξέρουν να λένε αστεία, όμως σίγουρα ξέρουν να λένε ιστορίες... Ο Ρεντ, μια γέρικη βελανιδιά, είναι το «ευχόδεντρο» της γειτονιάς - οι άνθρωποι γράφουν τις ευχές τους σε κομμάτια ύφασμα και τα κρεμάνε στα κλαδιά του. Μαζί με ένα κοράκι με το όνομα Μπόνγκο και άλλα ζωάκια που αναζητούν καταφύγιο στις κουφάλες του, το ευχόδεντρο είναι ο φύλακας της γειτονιάς. Θα μπορούσε να πει κάποιος ότι ο Ρεντ τα έχει δει όλα. Ώσπου μια οικογένεια μετακομίζει στην περιοχή. Δεν την υποδέχονται όλοι με χαρά και ο Ρεντ είναι σίγουρος ότι ως ευχόδεντρο θα φανεί πιο χρήσιμος από ποτέ. Αστείο, τρυφερό και συγκινητικό, το μυθιστόρημα αυτό βγαίνει κατευθείαν μέσα από την καρδιά της Κάθριν Απλγκέιτ που βρίσκεται στην καλύτερη συγγραφική στιγμή της.');
INSERT INTO author VALUES( 9786180125269,'Katherine Applegate');
INSERT INTO author VALUES( 9786180125269,'Σέβη Σπυριδογιαννάκη');
INSERT INTO genre VALUES( 9786180125269,'Παιδική και εφηβική λογοτεχνία [899.9]');
INSERT INTO keyword VALUES( 9786180125269,'Παδικό');
INSERT INTO keyword VALUES( 9786180125269,'Εφηβικό');
INSERT INTO keyword VALUES( 9786180125269,'Μυθιστόρημα');

INSERT INTO book VALUES( 9789601675411,'Καλύτερα έτσι','Πατάκη',127,'Greek','http://dim-flamour.pel.sch.gr/myLib/bookimg/b225893.jpg','Βγήκε από ένα βαθύ, ζεστό λαγού?ι στρω?ένο ?ε ξερά φύλλα, κάτω από έναν πλατύ πλαγιαστό βράχο, που τώρα ήταν καταχιόνιστος και είχε γίνει ένα ?ε τη γη. Την είσοδο δεν την έβλεπες, την έκρυβε ένας πυκνός θά?νος βατο?ουριάς, φορτω?ένος ?ε ξερά ?αύρα βατό?ουρα και κρουσταλλιασ?ένο χιόνι. Αυτός προστάτευε τη φωλιά από τον παγω?ένο αέρα. Τίναξε το τρίχω?ά του, ανακλαδίστηκε και οσ?ίστηκε τον αέρα ανασηκώνοντας το κεφάλι. Είναι χει?ώνας και η γιαγιά ζεσταίνεται στο τζάκι, συντροφιά ?ε τον αγαπη?ένο της σκύλο, τον Γραίγο. Έξω, στο δάσος, ένας λύκος, ο Σολ, γυρίζει θεονήστικος. Ο Γραίγος ?υρίζει τον Σολ και θυ?άται πως είναι εχθρός του. Ή ?ήπως όχι; Η γιαγιά αφήνει φαγητό για τον Σολ δίχως να γνωρίζει ότι είναι λύκος κι ο Γραίγος θυ?ώνει, ζηλεύει, κι αποφασίζει να βρει τον εχθρό του για να ανα?ετρηθεί ?αζί του. Μήπως ό?ως τελικά είναι φίλοι ο σκύλος κι ο λύκος; Ένα ?αγικό αφήγη?α για τις προκαταλήψεις, την ελευθερία και το επικίνδυνο αλλά γοητευτικό ταξίδι προς αυτήν.');
INSERT INTO author VALUES( 9789601675411,'Ρηνιώ Μίσσιου');
INSERT INTO genre VALUES( 9789601675411,'Παιδική και εφηβική λογοτεχνία [889.9]');
INSERT INTO keyword VALUES( 9789601675411,'Εφηβικό');

INSERT INTO book VALUES( 9789601432892,'Αγκαθωτές ιστορίες τσέπης','Α. Α. Λιβάνη',58,'Greek','http://dim-flamour.pel.sch.gr/myLib/bookimg/b226696.jpg','Οι αγκαθωτές ιστορίες ?ας δεν είναι τίποτ άλλο από ?ια παρα?ορφωτική προσέγγιση σκηνών της καθη?ερινότητας, που λίγο πολύ όλοι ?ας έχου?ε ζήσει είτε ως ?άρτυρες είτε ως πρωταγωνιστές. Με ?ια καλή δόση χιού?ορ, λίγο σαρκασ?ό και ?ια... ιδέα κυνικότητας, οι γκροτέσκο ιστορίες ?ας έχουν στόχο το γέλιο. Για να δού?ε λοιπόν...');
INSERT INTO author VALUES( 9789601432892,'Αριστείδης Δάγλας');
INSERT INTO genre VALUES( 9789601432892,'Νεοελληνική πεζογραφία [889.3]');
INSERT INTO genre VALUES( 9789601432892,'Παιδικά βιβλία [899.91]');
INSERT INTO keyword VALUES( 9789601432892,'Εφηβικό');
INSERT INTO keyword VALUES( 9789601432892,'Εικονογραφημένο');

INSERT INTO book VALUES( 9789605665012,'Πώς να μάθεις τους γονείς σου να αγαπούν τα παιδικά βιβλία','Μεταίχμιο',68,'Greek','http://dim-flamour.pel.sch.gr/myLib/bookimg/49eea2e1-c932-428c-8b65-3de23a8c226c_12.jpg','Ένα βιβλίο πρωτότυπο και γεμάτο ιδέες, που θα βοηθήσουν τους νεαρούς αναγνώστες να πείσουν τους μεγαλύτερους ότι η ανάγνωση κάνει καλό! Κι ότι μέσα από τις σελίδες των βιβλίων πετάγονται καμιά φορά σπίθες (ή και πυροτεχνήματα!) για να διασκεδάζουν μικροί... και μεγάλοι.......');
INSERT INTO author VALUES( 9789605665012,'Άλεν Σερ');
INSERT INTO author VALUES( 9789605665012,'Μπρινό Ετζ');
INSERT INTO genre VALUES( 9789605665012,'Παιδικά [520]');
INSERT INTO keyword VALUES( 9789605665012,'Λύκος');
INSERT INTO keyword VALUES( 9789605665012,'Εικονογραφημένο');
INSERT INTO keyword VALUES( 9789605665012,'Παραμύθι');

INSERT INTO book VALUES( 9789601670492,'Τριγωνοψαρούλης: Οι μεγάλες περιπέτειες','Πατάκη',282,'Greek','http://dim-flamour.pel.sch.gr/myLib/bookimg/b216671.jpg','Ο Τριγωνοψαρούλης, ο πιο αγαπημένος ήρωας, έχει μυστικά; Πώς πάντα νικά; Στην επετειακή αυτή έκδοση θα διαβάσεις, για πρώτη φορά όλες μαζί, τις μεγάλες περιπέτειές του και θα καταλάβεις. Θα πας μαζί του σχολείο και θα τον δεις να το σώζει από τα δίχτυα του ψαρά. Θα τον βοηθήσεις μαζί με τον Μαυρολέπια να μην αφήσει να εξαφανιστεί ο τελευταίος ιππόκαμπος. Θα ταξιδέψεις στο παρελθόν για να τον δεις πρόσφυγα από το αυγό του. Μόνο που το τριγωνικό αυγό του είχε τόση αγάπη, που νίκησε τον πόλεμο της κόκκινης θάλασσας, από την οποία καταγόταν η μαμά του, και του γαλάζιου πελάγους, από το οποίο καταγόταν ο μπαμπάς του. Θα γιορτάσεις μαζί του τα γενέθλιά του. Κι όταν καταλάβει ότι όλα όσα πέρασε τα είχε προκαλέσει ο Άρης Ψαροφαγάκης, θα επιστρέψετε μαζί για να τον νικήσετε. Πώς; Με την αγάπη. Αγάπη δώσε και θα δεις να σε αγαπούν πόσους θα βρεις. Στο βιβλίο περιλαμβάνονται οι ιστορίες Ο Τριγωνοψαρούλης, Ο Τριγωνοψαρούλης, o Μαυρολέπιας κι ο τελευταίος ιππόκαμπος, Τα γενέθλια του Τριγωνοψαρούλη και Ο Τριγωνοψαρούλης επιστρέφει..., οι οποίες κυκλοφορούν και αυτοτελώς.');
INSERT INTO author VALUES( 9789601670492,'Βαγγέλης Ηλιόπουλος');
INSERT INTO author VALUES( 9789601670492,'Γιάννης Ηλιόπουλος');
INSERT INTO genre VALUES( 9789601670492,'Παιδική και εφηβική λογοτεχνία [889.9]');
INSERT INTO keyword VALUES( 9789601670492,'Εικονογραφημένο');
INSERT INTO keyword VALUES( 9789601670492,'Παραμύθι');

INSERT INTO book VALUES( 9789601648156,'Η πόλη που έδιωξε τον πόλεμο','Πατάκη',48,'Greek','http://dim-flamour.pel.sch.gr/myLib/bookimg/b185207.jpg','Δρόμοι και πλατείες, αγάλματα που κοκκινίζουν όταν τα κοιτάς, δέντρα που ψιθυρίζουν παραμύθια και σιντριβάνια που τα νερά τους χορεύουν με τη μουσική. Αυτή η πόλη τα έχει όλα και τους χωράει όλους... εκτός από αυτόν... τον πόλεμο. Ακολουθήστε μας σε μια ξενάγηση στην πόλη που έδιωξε τον πόλεμο, στην πόλη που πρέπει να χτίσουμε κάποτε όλοι μέσα στο κεφάλι μας...');
INSERT INTO author VALUES( 9789601648156,'Αντώνης Παπαθεοδούλου');
INSERT INTO genre VALUES( 9789601648156,'Παιδικά βιβλία, Ελληνικά [889.91]');
INSERT INTO keyword VALUES( 9789601648156,'Εικονογραφημένο');
INSERT INTO keyword VALUES( 9789601648156,'Παραμύθι');
INSERT INTO keyword VALUES( 9789601648156,'Παιδικό');

INSERT INTO book VALUES( 9789605661878,'Γατοκουβέντες','Μεταίχμιο',40,'Greek','http://dim-flamour.pel.sch.gr/myLib/bookimg/b204050.jpg','Μια μικρή ιστορία για έναν μεγάλο γάτο, δυο μικρά παιδιά, μια παχουλή γιαγιά και έναν μεγάλο καύσωνα, από την αγαπημένη Άλκη Ζέη.');
INSERT INTO author VALUES( 9789605661878,'Άλκη Ζέη');
INSERT INTO author VALUES( 9789605661878,'Φραντσέσκα Ασσιρέλλι');
INSERT INTO genre VALUES( 9789605661878,'Παιδική και εφηβική λογοτεχνία [889.9]');
INSERT INTO genre VALUES( 9789605661878,'Παιδικά [520]');
INSERT INTO keyword VALUES( 9789605661878,'Γάτες');
INSERT INTO keyword VALUES( 9789605661878,'Εικονογραφημένο');
INSERT INTO keyword VALUES( 9789605661878,'Παραμύθι');
INSERT INTO keyword VALUES( 9789605661878,'Παιδικό');

INSERT INTO book VALUES( 9789602193198,'Το χειμωνόσπιτο','Καλέντης',32,'Greek','http://dim-flamour.pel.sch.gr/myLib/bookimg/b197978.jpg','Το Χειμωνόσπιτο δεν είναι ένα σπίτι σαν όλα τ άλλα. Καθετί μέσα του έχει ψυχή και πάνω απ όλα είναι ανοιχτό για όλους. Πάντα έχει το τραπέζι στρωμένο και ένα ζεστό κρεβάτι, βιβλία, ησυχία και μουσική της φύσης να προσφέρει σε όποιον αναζητά κάτι απ όλα αυτά. Ένα ποιητικό-μουσικό παραμύθι, γεμάτο από γεμάτο από υπέροχα μηνύματα για τις αληθινές αξίες της ζωής, όπως η αλληλεγγύη, η μοιρασιά, η προσφορά και η αγάπη. Ένα ποιητικό παραμύθι που, όπως κάθε παραμύθι, υπάρχει στον κόσμο της φαντασίας γεννημένης από την πραγματικότητα. Ο Δημήτρης Κάσσαρης, συγγραφέας και μουσικός, χρησιμοποιεί τη φαντασία, όπου τα πράγματα και η φύση προσωποποιούνται και ζωντανεύουν μέσα από το παιχνίδι των λέξεων, μέσα από τις εικόνες και τη μουσική, συμβάλλοντας στο χτίσιμο πολλών Χειμωνόσπιτων, με θεμέλια την αγάπη και τη δύναμη και με ακριβά υλικά, γερά και στεγανά, τις πραγματικές αξίες της ζωής. Ο βραβευμένος εικονογράφος Βασίλης Παπατσαρούχας αποτύπωσε με τη δική του ιδιαίτερη ματιά το Χειμωνόσπιτο και ο συνθέτης Νίκος Ξανθούλης συμπλήρωσε το παραμύθι με την υπέροχη μουσική του, προσφέροντας ένα πολύτιμο υλικό στους μικρούς αναγνώστες.');
INSERT INTO author VALUES( 9789602193198,'Δημήτρης Κάσσαρης');
INSERT INTO author VALUES( 9789602193198,'Βασίλης Παπατσαρούχας');
INSERT INTO author VALUES( 9789602193198,'Νίκος Ξανθούλης');
INSERT INTO genre VALUES( 9789602193198,'Ψυχαγωγία[520]');
INSERT INTO genre VALUES( 9789602193198,'Παιδικά [520]');
INSERT INTO genre VALUES( 9789602193198,'Παιδική και εφηβική λογοτεχνία [889.9]');
INSERT INTO keyword VALUES( 9789602193198,'Ελέφαντες');
INSERT INTO keyword VALUES( 9789602193198,'Άλογα');
INSERT INTO keyword VALUES( 9789602193198,'Εικονογραφημένο');
INSERT INTO keyword VALUES( 9789602193198,'Παραμύθι');
INSERT INTO keyword VALUES( 9789602193198,'Παιδικό');

INSERT INTO book VALUES( 9789605670795,'Ο ψαράς και ο κορμοράνος','Διάπλαση',342,'English','http://dim-flamour.pel.sch.gr/myLib/bookimg/b197312.jpg','Πριν από πάρα-πάρα πολλά χρόνια, ένας γέρος ψαράς κι ένας μοναχικός κορμοράνος ανακαλύπτουν μαζί όχι μόνο μια μέθοδο ψαρέματος που εφαρμόζεται στην Κίνα ακόμα και σήμερα, αλλά και τη μεγαλύτερη ευτυχία που μπορεί να υπάρξει... Μια ιστορία ύμνος στη φιλία και την αλληλοβοήθεια, που μας διηγείται με θαυμαστή λιτότητα ο Στεφάν Σενεγκά. Ο ίδιος έχει κάνει και την εξαιρετική εικονογράφηση, με στοιχεία δανεισμένα από την παραδοσιακή κινεζική ζωγραφική, που τονίζει ακόμη περισσότερο την απλότητα αλλά και το βάθος του κειμένου.');
INSERT INTO author VALUES( 9789605670795,'Stephen Senegal');
INSERT INTO author VALUES( 9789605670795,'Αλέξανδρος Πανούσης');
INSERT INTO author VALUES( 9789605670795,'Στεφάν Σενεγκά');
INSERT INTO genre VALUES( 9789605670795,'Παιδικά βιβλία [899.91]');
INSERT INTO keyword VALUES( 9789605670795,'Εικονογραφημένο');
INSERT INTO keyword VALUES( 9789605670795,'Παραμύθι');
INSERT INTO keyword VALUES( 9789605670795,'Παιδικό');

INSERT INTO book VALUES( 9789602192573,'Το αστέρι του γίγαντα','Καλέντης',32,'Greek','http://dim-flamour.pel.sch.gr/myLib/bookimg/b175071.jpg','Ο Ασηλάμπα Ντελασύ είναι ένας γίγαντας ξεχωριστός: είναι καλόψυχος, αγαθός και δεν έλεγε ποτέ όχι σε κανέναν. Όμως όταν άρχισε να πιάνει τα αστέρια που πέφτουν και να τα γυρίζει στον ουρανό, γιατί πίστευε ότι θα σπάσουν, προκάλεσε μεγάλη αναστάτωση στην άλλοτε ήσυχη Αστροχώρα. Οι άνθρωποι, που φοβήθηκαν ότι οι ευχές τους θα χάνονταν και μαζί τους θα χάνονταν τα όνειρα και οι ελπίδες τους, θύμωσαν και τον έδιωξαν από τη χώρα. Μέσα στην περιπλάνηση της μοναξιάς του ο Ασηλάμπα Ντελασύ θα συναντήσει ένα μικρό κορίτσι, κι αυτό με το τραγούδι του θα καταφέρει να λύσει την παρεξήγηση και να αλλάξει για πάντα τη ζωή του γίγαντα. Ένα παραμύθι για τη διαφορετικότητα και την απομόνωση, την προκατάληψη και την απόρριψη, τη μοναξιά και το φόβο, τα όνειρα και την ελπίδα. Μια ιστορία γεμάτη δύναμη και εικόνες που ξυπνούν συναισθήματα. Μέσα από την απλότητα ενός περιεκτικού λόγου η συγγραφέας Μαριβίτα Γραμματικάκη αφηγείται μια ιστορία για τη διαφορετικότητα αλλά και για την εσωτερική δύναμη, το φως που υπάρχει μέσα μας. Οι μικροί αναγνώστες (από 6 ετών και άνω) έχουν την ευκαιρία να απολαύσουν με θεατρικό και μουσικό τρόπο την αφήγηση, ενώ η εικονογράφηση της Κατερίνας Βερούτσου και η μουσική του Νίκου Ξανθούλη στο cd που συνοδεύει το βιβλίο τούς μυεί στην ομορφιά της τέχνης και της μουσικής.');
INSERT INTO author VALUES( 9789602192573,'Μαριβίτα Γραμματικάκη');
INSERT INTO author VALUES( 9789602192573,'Κατερίνα Βερούτσου');
INSERT INTO author VALUES( 9789602192573,'Νίκος Ξανθούλης');
INSERT INTO genre VALUES( 9789602192573,'Παιδικά βιβλία [889.91]');
INSERT INTO keyword VALUES( 9789602192573,'Γίγαντες');
INSERT INTO keyword VALUES( 9789602192573,'Εικονογραφημένο');
INSERT INTO keyword VALUES( 9789602192573,'Παραμύθι');
INSERT INTO keyword VALUES( 9789602192573,'Παιδικό');

INSERT INTO book VALUES( 9789605631574,'Βασιλιάς Φωνακλάς Γαλήνη δεν βρίσκει','Ελληνοεκδοτική',40,'Greek','http://dim-flamour.pel.sch.gr/myLib/bookimg/b219687.jpg','Σε μια πόλη που την έλεγαν Βροντούπολη, όλοι φώναζαν και τα πάντα γίνονταν με φασαρία τρομερή... Πρώτος και καλύτερος, ο Βασιλιάς της... Οι φωνές του, φανταστείτε, έφταναν μέχρι εδώ! Κάποια μέρα, όμως, αρρώστησε βαριά! Φοβερός πονοκέφαλος! Και εκείνος, τέζα στο κρεβάτι! Ένας παλιός του φίλος και η κόρη του, η Γαλήνη, αναλαμβάνουν δράση... Θα καταφέρουν άραγε να κάνουν τον καλό τους Βασιλιά να χαμογελά και πάλι;');
INSERT INTO author VALUES( 9789605631574,'Τζένη Κουτσοδημητροπούλου');
INSERT INTO genre VALUES( 9789605631574,'Παιδικά βιβλία [889.91]');
INSERT INTO keyword VALUES( 9789605631574,'Βασιλιάδες');
INSERT INTO keyword VALUES( 9789605631574,'Εικονογραφημένο');
INSERT INTO keyword VALUES( 9789605631574,'Παραμύθι');
INSERT INTO keyword VALUES( 9789605631574,'Παιδικό');


INSERT INTO book VALUES( 9786185021504,'Το αηδόνι με τις δυο πατρίδες','Μάτι',32,'Greek','http://dim-flamour.pel.sch.gr/myLib/bookimg/b206479.jpg','Μια γλυκιά ιστορία, που με απλό τρόπο αποκαλύπτει στα παιδιά τις σχέσεις που δημιουργούνται ανάμεσα στο ξενιτεμένο αηδόνι και στους ιθαγενείς παπαγάλους, σχέσεις αρχικού φόβου, υπομονής, συμπαράστασης και αλληλοβοήθειας, μέχρι να καταλήξουν στην αλληλοαποδοχή, τη φιλία και την αγάπη. Μέσα στην αλήθεια του παραμυθιού, η φωτιά, που είναι η αιτία του πόνου και της μετανάστευσης, γίνεται αφορμή για νέα όνειρα και νέες πατρίδες. Το παραμύθι πραγματεύεται την αναγκαστική μετανάστευση των λαών, καθώς και τον αγώνα για νέα αρχή, την αποδοχή του ενός προς τον άλλον και τη δημιουργική συμβίωση διαφορετικών πολιτισμών και ανθρώπων.');
INSERT INTO author VALUES( 9786185021504,'Δόξα Κωτσαλίδου');
INSERT INTO genre VALUES( 9786185021504,'Παιδικά βιβλία [889.91]');
INSERT INTO keyword VALUES( 9786185021504,'Πτηνά');
INSERT INTO keyword VALUES( 9786185021504,'Ψάρια');
INSERT INTO keyword VALUES( 9786185021504,'Εικονογραφημένο');
INSERT INTO keyword VALUES( 9786185021504,'Παιδικό');

INSERT INTO book VALUES( 9789606873744,'Όταν η γοργόνα συνάντησε τον Αλέξανδρο','Διάπλους',30,'Greek','http://dim-flamour.pel.sch.gr/myLib/bookimg/b222914.jpg','Ένας αυτόπτης μάρτυς, η συγγραφέας, μας ξεναγεί σε έναν τόπο που γνωρίζει καλά και ζει μαζί με τα σύμβολα των αιώνων, την ιστορία. Όταν η γνώση μεταφέρεται σαν παραμύθι και φωτίζει τις όψεις που δεν γνωρίσαμε τότε το ταξίδι, η περιπέτεια, αποκτά Θεατές-αναγνώστες, που μπορούν να αναγνωρίσουν το γιατί ζει ο Βασιλιάς Αλέξανδρος. Η γοργόνα ίσως να είναι η ματιά του καθενός μας που κι αυτή ζει και βασιλεύει σαν φαντασία και σαν πραγματικότητα. Ο ένας ήρωας δημιουργεί πολλούς. Όλα μπορούν να συμβούν και όλα συμβαίνουν όταν τους δρόμους που γνωρίζει η συγγραφέας τους πλαταίνει για να χωρέσουμε όλοι σε τούτο το ταξίδι. Η Αλεξάνδρεια δεν είναι μια εικόνα. Είναι η ιστορία, η γοργόνα, ο Μέγας Αλέξανδρος. Ο Γόρδιος δεσμός κόβεται όταν ανοίγεις ένα βιβλίο. Πόσο μάλλον όταν η γοργόνα μπορεί να συναντήσει τον Αλέξανδρο σε βιβλίο. Όταν το αιώνιο ερώτημα μπορεί να απαντηθεί με σιγουριά: Ζει! Όταν όλοι μπορούν να περπατήσουν όπου η φαντασία φτάνει, τότε η πραγματικότητα έρχεται πιο κοντά.');
INSERT INTO author VALUES( 9789606873744,'Ελισάβετ Τάρη');
INSERT INTO genre VALUES( 9789606873744,'Παιδικά βιβλία [889.91]');
INSERT INTO keyword VALUES( 9789606873744,'Γοργόνες');
INSERT INTO keyword VALUES( 9789606873744,'Ψάρια');
INSERT INTO keyword VALUES( 9789606873744,'Εικονογραφημένο');

INSERT INTO book VALUES( 9789606864711,'Βέιν ο Τρομερός','Διάπλαση',40,'Greek','http://dim-flamour.pel.sch.gr/myLib/bookimg/b165516.jpg','Μια φορά κι έναν καιρό Ένα τέρας σκιερό Το έβαπτισε η νονά του Σε βαρέλα με νερό Παραμύθια δε ζητούσε Είχε χρώμα σταχτερό Και ζαχαρωτά μισούσε Λούνα παρκ και ροκ εντ ρολ... Τον έλεγαν Βέιν ο τρομερός! Η νύχτα κυλούσε ήρεμη στο απέραντο σύμπαν. Τα αστέρια κολυμπούσαν ελεύθερα στην αγκαλιά του ουρανού. Οι πλανήτες χόρευαν κυκλικά, ενώ οι γαλαξίες περιστρέφονταν όπως οι σβούρες γύρω απο τον εαυτό τους. Ξαφνικά το φεγγάρι τρόμαξε... Άσπρισε... Ένας εφιάλτης τρύπωνε κρυφά στα όνειρα των παιδιών της Γης... ο Βέιν ο τρομερός! Η ιστορία του Βέιν του τρομερού είναι ένα μαγικό μουσικό παραμύθι γραμμένο για μικρούς και μεγάλους. Γεννιέται και ταξιδεύει στο απέραντο σύμπαν μέσα απο την περιπέτεια, την δράση, το χιούμορ ξετυλίγοντας με απλότητα στα μάτια των παιδιών τον πιο γνωστό πόλεμο ανάμεσα στο καλό και στο κακό. Ανακαλύπτει το θαύμα της αγάπης και της φιλίας καθώς επίσης και την δύναμη που προσφέρει η γνώση στο κάθε βήμα της ζωής ενάντια στην πονηριά, στην δίψα για εξουσία και στην άγνοια που δηλώνει υποταγή. Ο Βέιν ο τρομερός μεταμορφώνεται και αγκαλιάζει την φαντασία των παιδιών μέσα απο την θεατρική και σκηνοθετική ματιά που μπορεί να γεννηθεί στο σχολικό περιβάλλον προσφέροντας την ευκαιρία για εξερεύνηση και για ένα μαγικό ταξίδι στη γνώση και στη δημιουργία.');
INSERT INTO author VALUES( 9789606864711,'Μάρα Χωματίδη');
INSERT INTO author VALUES( 9789606864711,'Νέστορας Ξουρής');
INSERT INTO genre VALUES( 9789606864711,'Παιδικά βιβλία [889.91]');
INSERT INTO keyword VALUES( 9789606864711,'Βασιλιάδες');
INSERT INTO keyword VALUES( 9789606864711,'Εικονογραφημένο');
INSERT INTO keyword VALUES( 9789606864711,'Παραμύθι');
INSERT INTO keyword VALUES( 9789606864711,'Παιδικό');

INSERT INTO book VALUES( 9789605015725,'Μια υπόθεση για τον ντετέκτιβ Κλουζ: Το μυστήριο του τσίρκου','Μεταίχμιο',87,'German','http://dim-flamour.pel.sch.gr/myLib/bookimg/b171940.jpg','Το Τσίρκο Ζαμπάνο ήρθε στην πόλη! Ο Πρίμο, το αστέρι του τσίρκου, ζητάει τη βοήθεια του διάσημου και πανέξυπνου ντετέκτιβ. Η αδερφή του, η Βανέσα, κάνει στις παραστάσεις το ίδιο πάντα λάθος - ξανά και ξανά. Ενώ είναι η καλύτερη απ όλους τους! Ο Κλουζ αναλαμβάνει την υπόθεση - και διαπιστώνει πως δεν είναι παράνομες όλες οι δουλειές που γίνονται στα κρυφά... Μια συναρπαστική σειρά για μικρούς αναγνώστες, με ήρωα ένα εννιάχρονο αγόρι που δεν έχει τίποτα να ζηλέψει από τους ήρωες των κλασικών αστυνομικών μυθιστορημάτων. Η σειρά τιμήθηκε το 2006 με το βραβείο Hansjorg-Martin-Preis, το σημαντικότερο γερμανικό βραβείο για συγγραφείς παιδικών και νεανικών αστυνομικών βιβλίων.');
INSERT INTO author VALUES( 9789605015725,'Jorgen Banscherus');
INSERT INTO author VALUES( 9789605015725,'Μαρία Αγγελίδου');
INSERT INTO author VALUES( 9789605015725,'Ralf Butschkow');
INSERT INTO genre VALUES( 9789605015725,'Παιδική και εφηβική λογοτεχνία [899.9]');
INSERT INTO keyword VALUES( 9789605015725,'Ντετέκτιβ');
INSERT INTO keyword VALUES( 9789605015725,'Αστυνομικό');
INSERT INTO keyword VALUES( 9789605015725,'Εικονογραφημένο');
INSERT INTO keyword VALUES( 9789605015725,'Παραμύθι');
INSERT INTO keyword VALUES( 9789605015725,'Εφηβικό');

INSERT INTO book VALUES( 9789605015879,'Μια υπόθεση για τον ντετέκτιβ Κλουζ: Ο Κλουζ στο διαδίκτυο','Μεταίχμιο',92,'German','http://dim-flamour.pel.sch.gr/myLib/bookimg/b176718.jpg','Επιτέλους! Ο Κλουζ απέκτησε τον υπολογιστή που ονειρευόταν και δεν είναι πια αναγκασμένος να δουλεύει τις υποθέσεις του με μεσαιωνικές μεθόδους! Κι ευτυχώς... Γιατί η τελευταία υπόθεση που ανέλαβε τον οδηγεί στον επικίνδυνο λαβύρινθο της σύγχρονης τεχνολογίας. Ψάχνει ένα μυστηριώδες παιχνίδι, που είναι γνωστό με το κωδικό όνομα Μαγικός Κήπος. Μια αστυνομική σειρά για μικρούς αναγνώστες, με ήρωα ένα εννιάχρονο αγόρι που δεν έχει τίποτα να ζηλέψει από τους ήρωες των κλασικών αστυνομικών μυθιστορημάτων. Η σειρά τιμήθηκε το 2006 με το βραβείο Hansjorg-Martin-Preis, το σημαντικότερο γερμανικό βραβείο για συγγραφείς παιδικών και νεανικών αστυνομικών βιβλίων.');
INSERT INTO author VALUES( 9789605015879,'Jorgen Banscherus');
INSERT INTO author VALUES( 9789605015879,'Μαρία Αγγελίδου');
INSERT INTO author VALUES( 9789605015879,'Ralf Butschkow');
INSERT INTO genre VALUES( 9789605015879,'Παιδική και εφηβική λογοτεχνία [899.9]');
INSERT INTO keyword VALUES( 9789605015879,'Ντετέκτιβ');
INSERT INTO keyword VALUES( 9789605015879,'Αστυνομικό');
INSERT INTO keyword VALUES( 9789605015879,'Εικονογραφημένο');
INSERT INTO keyword VALUES( 9789605015879,'Παραμύθι');
INSERT INTO keyword VALUES( 9789605015879,'Εφηβικό');
INSERT INTO keyword VALUES( 9789605015879,'Υπολογιστές');

INSERT INTO book VALUES( 9789605015701,'Μια υπόθεση για τον ντετέκτιβ Κλουζ: Η συνωμοσία της τσίχλας','Πατάκη',92,'Greek','http://dim-flamour.pel.sch.gr/myLib/bookimg/b171938.jpg','Αυτή η υπόθεση τον αφορά προσωπικά τον Κλουζ: Γιατί εξαφανίζονται οι αγαπημένες του τσίχλες από το περίπτερο της Όλγας; Ο μικρός ντετέκτιβ αρχίζει αμέσως την έρευνα. Μήπως ο Φίδης έχει κάποια σχέση με τις απανωτές κλοπές; Ο Κλουζ ακολουθεί τα ίχνη... και δεν αργεί να βρεθεί σε πολύ δύσκολη θέση. Μια συναρπαστική σειρά για μικρούς αναγνώστες, με ήρωα ένα εννιάχρονο αγόρι που δεν έχει τίποτα να ζηλέψει από τους ήρωες των κλασικών αστυνομικών μυθιστορημάτων. Η σειρά τιμήθηκε το 2006 με το βραβείο Hansjorg-Martin-Preis, το σημαντικότερο γερμανικό βραβείο για συγγραφείς παιδικών και νεανικών αστυνομικών βιβλίων.');
INSERT INTO author VALUES( 9789605015701,'Jorgen Banscherus');
INSERT INTO author VALUES( 9789605015701,'Μαρία Αγγελίδου');
INSERT INTO author VALUES( 9789605015701,'Γιώργος Παπαδόπουλος');
INSERT INTO genre VALUES( 9789605015701,'Παιδική και εφηβική λογοτεχνία [899.9]');
INSERT INTO keyword VALUES( 9789605015701,'Ντετέκτιβ');
INSERT INTO keyword VALUES( 9789605015701,'Αστυνομικό');
INSERT INTO keyword VALUES( 9789605015701,'Εικονογραφημένο');
INSERT INTO keyword VALUES( 9789605015701,'Παραμύθι');
INSERT INTO keyword VALUES( 9789605015701,'Εφηβικό');
INSERT INTO keyword VALUES( 9789605015701,'Μυθιστόρημα');

INSERT INTO book VALUES( 9789601654843,'Ο μικρός Νικόλας πάει διακοπές','Πατάκη',180,'French','http://dim-flamour.pel.sch.gr/myLib/bookimg/292DF1DAD468E86891575F86781C22ED.jpg','Μια σχολική χρονιά, πολύ κοπιαστική, τελείωσε. Ο Νικόλας πήρε τον έπαινο ρητορικής, που τον επιβράβευε όχι τόσο για την ποιότητα όσο για την ποσότητα, και αποχαιρέτισε τους συμμαθητές του: τον Αλσέστ, τον Ρούφους, τον Εντ, τον Ζοφρουά, τον Μεξάν, τον Ζοακίμ, τον Κλοταίρ και τον Ανιάν. Βιβλία και τετράδια μπήκαν στα συρτάρια και τώρα όλοι σκέφτονται τις διακοπές. Στο σπίτι του Νικόλα κανείς δεν ασχολείται με το πού θα πάνε διακοπές, γιατί...');
INSERT INTO author VALUES( 9789601654843,'Ren Goscinny');
INSERT INTO author VALUES( 9789601654843,'Ρίτα Κολαΐτη');
INSERT INTO author VALUES( 9789601654843,'Ζαν Ζακ Σενπέ');
INSERT INTO genre VALUES( 9789601654843,'Παιδική και εφηβική λογοτεχνία [899.9]');
INSERT INTO keyword VALUES( 9789601654843,'Μικρός Νικόλας');
INSERT INTO keyword VALUES( 9789601654843,'Παραμύθι');
INSERT INTO keyword VALUES( 9789601654843,'Παιδικό');
INSERT INTO keyword VALUES( 9789601654843,'Μυθιστόρημα');

INSERT INTO book VALUES( 9789606211959,'Ο μικρός Νικόλας: Χνουδωτός μπελάς','Χάρτινη Πόλη',37,'French','http://dim-flamour.pel.sch.gr/myLib/bookimg/b233157.jpg','Ο Νικόλας βρίσκει ένα μικρό γατάκι. Το ονομάζει Καραμέλα! Όμως, η μητέρα του αρνείται κατηγορηματικά να το υιοθετήσουν... Ποιος θα αναβάλει τελικά να φροντίσει αυτό το τόσο χαριτωμένο γατάκι; Με τη βοήθεια των φίλων, ο Νικόλας βρίσκει πάντα μια λύση! Μια τρυφερή ιστορία στην οποία ο Μικρός Νικόλας και η παρέα του δείχνουν την αγάπη τους για τα ζώα!');
INSERT INTO author VALUES( 9789606211959,'Ren Goscinny');
INSERT INTO author VALUES( 9789606211959,'Ελισάβετ Βουτσίνου');
INSERT INTO author VALUES( 9789606211959,'Ζαν Ζακ Σενπέ');
INSERT INTO genre VALUES( 9789606211959,'Παιδική και εφηβική λογοτεχνία [899.9]');
INSERT INTO keyword VALUES( 9789606211959,'Μικρός Νικόλας');
INSERT INTO keyword VALUES( 9789606211959,'Παιδικό');
INSERT INTO keyword VALUES( 9789606211959,'Μυθιστόρημα');

INSERT INTO book VALUES( 9789602749692,'Ο Έρβιν και η τρομπέτα του','Ψυχογιός',78,'French','http://dim-flamour.pel.sch.gr/myLib/bookimg/b100654.jpg','Ο Έρβιν, ο αρκούδος, είναι καταπληκτικός μουσικός. Παίζει παρέα με τους φίλους του, τους Βασιλιάδες της Ζούγκλας, και περνούν μαζί ζωή και κότα. Ώσπου μια μέρα ένας εξερευνητής τον ακούει και ενθουσιάζεται! Αποφασίζει να τον πάρει μαζί του στην πόλη για να τον κάνει διάσημο. Ο Έρβιν τον ακολουθεί, όμως, δε βρίσκει τα πράγματα όπως τα είχε φανταστεί. Κι έτσι αναγκάζεται να πάρει μια μεγάλη απόφαση... Μια ιστορία έξυπνη, που μιλάει για τις αξίες της ζωής με χιουμοριστικό τρόπο και ευρηματική εικονογράφηση!');
INSERT INTO author VALUES( 9789602749692,'Volker Kriegel');
INSERT INTO genre VALUES( 9789602749692,'Παιδική και εφηβική λογοτεχνία [899.9]');
INSERT INTO keyword VALUES( 9789602749692,'Παραμύθι');
INSERT INTO keyword VALUES( 9789602749692,'Παιδικό');
INSERT INTO keyword VALUES( 9789602749692,'Μυθιστόρημα');

INSERT INTO book VALUES( 9789600304138,'Ο γύρος του κόσμου χωρίς λεφτά','Καστανιώτη',115,'Greek','http://dim-flamour.pel.sch.gr/myLib/bookimg/9226e335-120e-4c5a-93e0-698075aef74f_12.jpg','Ο Γύρος του κόσμου χωρίς λεφτά είναι ένας συγκερασμός φαντασίας και μνήμης. Μια καταγραφή , έστω και με κωμικοτραγικό τρόπο, κάποιων καημών ανθρώπων ανωνύμων που έζησαν μέσα σε μια ιστορικά καταγραμμένη πραγματικότητα. Ο ήρωας που κάνει το μικρότερο ή το μεγαλύτερο γύρο του κόσμου δεν είναι ένας αλλά πολλοί. Οσο για τον Αφέντη, είναι και αυτός ......');
INSERT INTO author VALUES( 9789600304138,'Ιωάννης Ιωάννης');
INSERT INTO genre VALUES( 9789600304138,'Παιδική και εφηβική λογοτεχνία [889.9]');
INSERT INTO keyword VALUES( 9789600304138,'Μυθολογία');
INSERT INTO keyword VALUES( 9789600304138,'Παιδικό');

INSERT INTO book VALUES( 9789603788058,'Ανάσες και ψίθυροι του δάσους','Πατάκη',138,'Greek','http://dim-flamour.pel.sch.gr/myLib/bookimg/b45529.jpg','Μια εφηβική ιστορία');
INSERT INTO author VALUES( 9789603788058,'Λίτσα Ψαραύτη');
INSERT INTO genre VALUES( 9789603788058,'Παιδική και εφηβική λογοτεχνία, Ελληνική [889.9]');
INSERT INTO keyword VALUES( 9789603788058,'Εφηβικό');

INSERT INTO book VALUES( 9789602936801,'Το ψέμα : Μυθιστόρημα','Πατάκη',143,'Greek','http://dim-flamour.pel.sch.gr/myLib/bookimg/b11875.jpg','Δεν πρέπει να λέμε ψέματα. Δεν πρέπει... δεν πρέπει. Κι όταν λέμε; Όταν νομίζουμε πως πρέπει να πούμε; Όταν αισθανόμαστε την ανάγκη; Η Χριστίνα είχε λόγους να σκαρώνει ψέματα. Το κορίτσι των δεκαπέντε χρονών, που βρίσκεται στο τέλος της παιδικής ηλικίας και στο κατώφλι των μεγάλων, με τα ψέματα θέλει να κρύψει κάτι που τη βασανίζει. Θέλει να απορρίψει την πραγματικότητα που την περιβάλλει, θέλει να ξεχάσει. Βρήκε έναν τρόπο... Είναι ο καλύτερος; Θα δημιουργήσει με τα ψέματά της ένα νέο κόσμο, που και πάλι δεν είναι αυτός που ονειρεύεται. Θα βρεθεί μπλεγμένη με τον ίδιο της τον εαυτό, με τον κόσμο, που θέλει να τον βλέπει διαφορετικό, όπως θέλουν να τον βλέπουν τα παιδιά της ηλικίας της... Τι θα κάνει; Πώς θα περάσει μέσα από τα μονοπάτια που βρίσκονται μπροστά της; Η Χριστίνα είναι δεκαπέντε χρονών. Όλα τα παιδιά των δεκαπέντε χρονών αισθάνθηκαν κάποτε σαν τη Χριστίνα. Χρειάστηκαν κι αυτά να πουν ψέματα, σε μια προσπάθεια να ξεφύγουν από το ψέμα. Αλλά ο δρόμος είναι ένας μπροστά της, μπροστά στη Χριστίνα, μπροστά σε όλα τα παιδιά...');
INSERT INTO author VALUES( 9789602936801,'Ζωρζ Σαρή');
INSERT INTO genre VALUES( 9789602936801,'Παιδική και εφηβική λογοτεχνία [889.9]');
INSERT INTO keyword VALUES( 9789602936801,'Εφηβικό');
INSERT INTO keyword VALUES( 9789602936801,'Ιστορικό');

INSERT INTO book VALUES( 9789605011536,'Ο θείος Πλάτων : Μυθιστόρημα','Μεταίχμιο',119,'Greek','http://dim-flamour.pel.sch.gr/myLib/bookimg/b162879.jpg','Πετάει ο γάιδαρος; Πετάει! Και μάλιστα μιλάει. Μόνο όμως με τον Γιάννη και την Ειρήνη, ή αλλιώς τον Βάνια και την Ίρα, δυο αδέλφια που ζουν με τους γονείς τους εξόριστοι στη Μόσχα. Ένα πάνινο γαϊδουράκι, δώρο του θείου Πλάτωνα από την Ελλάδα, με ένα φερμουάρ στο στήθος που κρύβει μέσα μια κόκκινη καραμέλα, την καρδιά του, γίνεται ο αχώριστος φίλος των παιδιών στον οποίο λένε όλα τα μυστικά και τις σκέψεις τους. Με αρχηγό την πανέξυπνη και σοφή Ίρα καταστρώνουν ένα μεγάλο σχέδιο. Στην πορεία όμως θα αλλάξουν γνώμη... Η Άλκη Ζέη δεν ξεχνάει ποτέ το παιδί. Δεν ξεχνάει ποτέ να είναι η ίδια παιδί. Τόσο μάλιστα που πολλές είναι οι στιγμές που μας προκαλείται η έκπληξη για το πώς πιάνει την όραση του παιδιού. Γιατί υπάρχει στη συγγραφέα η ταύτιση με την ψυχολογία του παιδιού και όχι ο μιμητισμό της παιδικής συμπεριφοράς... Η λογοτεχνία για το παιδί στην Άλκη Ζέη έχει βρει τον συγγραφέα της.');
INSERT INTO author VALUES( 9789605011536,'Άλκη Ζέη');
INSERT INTO genre VALUES( 9789605011536,'Παιδική και εφηβική λογοτεχνία [889.9]');
INSERT INTO keyword VALUES( 9789605011536,'Εφηβικό');

INSERT INTO book VALUES( 9786180309812,'Ο ψεύτης παππούς','Μεταίχμιο',144,'Greek','http://dim-flamour.pel.sch.gr/myLib/bookimg/b215025.jpg','Ο δεκάχρονος Αντώνης και ο παππούς του ο Μάριος περνούν όλα σχεδόν τα απογεύματα μαζί. Ο παππούς, συνταξιούχος ηθοποιός, του διηγείται πολλές και απίθανες ιστορίες από όλα όσα έχει ζήσει. Ο Αντώνης όμως δεν τον πιστεύει, γιατί τις περισσότερες φορές οι ιστορίες που του αφηγείται ο ψεύτης παππούς τού φαίνονται υπερβολικές και απίστευτες. Για τη γιαγιά όμως ο παππούς δε λέει κουβέντα. Ένα οικογενειακό μυστικό θα έρθει σιγά σιγά στο φως κι έτσι ο Αντώνης θα ωριμάσει και θα καταλάβει τελικά την αλήθεια του ψεύτη παππού.');
INSERT INTO author VALUES( 9786180309812,'Άλκη Ζέη');
INSERT INTO genre VALUES( 9786180309812,'Παιδική και εφηβική λογοτεχνία [889.9]');
INSERT INTO keyword VALUES( 9786180309812,'Εφηβικό');
INSERT INTO keyword VALUES( 9786180309812,'Ψάρια');


INSERT INTO book VALUES( 9789600121858,'ΣΤΗ ΓΗ ΕΙΜΑΣΤΕ ΠΡΟΣΚΑΙΡΑ ΥΠΕΡΟΧΟΙ','GUTENBERG',328,'Greek','https://www.politeianet.gr/components/com_virtuemart/shop_image/product/EFCE0D361CF0013B3431162176FADC99.jpg','Το Στη γη είμαστε πρόσκαιρα υπέροχοι είναι το γράμμα ενός γιου προς την αναλφάβητη μητέρα του. Ο Λιτλ Ντογκ, Αμερικανός βιετναμέζικης καταγωγής, φέρνει στο φως την ιστορία της οικογένειάς του από τον πόλεμο του Βιετνάμ ως την εγκατάστασή της στην Αμερική, εστιάζοντας στη δραματική ζωή της στοργικής αλλά συχνά βίαιης μητέρας του και της ταλαιπωρημένης γιαγιάς του. Παράλληλα, ψηλαφώντας τα τραύματα του παρελθόντος αποκαλύπτει σκέψεις και πλευρές της ζωής του που η μητέρα του αγνοούσε: αγωνίες, φόβους, έναν δυνατό έρωτα. Μια ωμή αλλά βαθιά λυρική και ειλικρινής εξομολόγηση που φτάνει στη θαρραλέα αποκάλυψη συγκλονιστικών προσωπικών στιγμών. (Από την παρουσίαση στο οπισθόφυλλο του βιβλίου)');
INSERT INTO author VALUES( 9789600121858,'OCEAN VUONG');
INSERT INTO genre VALUES( 9789600121858,'Παιδική και εφηβική λογοτεχνία [899.9]');
INSERT INTO genre VALUES( 9789600121858,'Ξένη Πεζογραφία');
INSERT INTO keyword VALUES( 9789600121858,'Η.Π.Α');
INSERT INTO keyword VALUES( 9789600121858,'Ιστορικό');


INSERT INTO book VALUES( 9789600322651,'ΑΜΡΙΤΑ','Καστανιώτη',416,'Japanese','https://www.politeianet.gr/components/com_virtuemart/shop_image/product/016e4ac8-53d6-4f56-9871-7dd49eb567e8.jpg','Ιαπωνικό βιβλίο.');
INSERT INTO author VALUES( 9789600322651,'BANANA YOSHIMOTO');
INSERT INTO genre VALUES( 9789600322651,'Παιδική και εφηβική λογοτεχνία [899.9]');
INSERT INTO genre VALUES( 9789600322651,'Ξένη Πεζογραφία');
INSERT INTO keyword VALUES( 9789600322651,'Ιαπωνία');

INSERT INTO book VALUES( 9789604900671,'ΤΟ ΤΕΛΟΣ ΤΟΥ ΕΦΙΑΛΤΗ','LIBRO',322,'Greek','https://www.politeianet.gr/components/com_virtuemart/shop_image/product/eda8a9cb-939c-45e7-9634-2a4a02dce0ea.jpg','Γιατί περιπολούσαν και ενέδρευαν δέκα χρόνια συνέχεια οι Σπαρτιάτες στο Καλλίδρομο; Γιατί ο Αθηνάδης δολοφόνησε τον Εφιάλτη το 469 π.Χ.; Ποιον ρόλο έπαιξε στη δολοφονία η Φοίβη, η πρώην σύζυγος του Εφιάλτη; «Τι θα απογίνω;» είπε η Φοίβη. «Δεν έχω μέλλον, αλλά αυτό αντέχεται. Ανυπόφορο που δεν έχω παρελθόν. Μπορώ να ζήσω χωρίς μέλλον, αλλά θέλω να πεθάνω γιατί το παρελθόν μου είναι μια ψευδαίσθηση. Μια οφθαλμαπάτη. Δεν έχω τίποτα δικό μου πια. Ούτε καν αναμνήσεις...» (Από την παρουσίαση στο οπισθόφυλλο του βιβλίου)');
INSERT INTO author VALUES( 9789604900671,'ΠΑΝΑΓΙΩΤΗΣ ΜΠΑΛΤΑΚΟΣ');
INSERT INTO genre VALUES( 9789604900671,'Παιδική και εφηβική λογοτεχνία [899.9]');
INSERT INTO genre VALUES( 9789604900671,'Ελληνική Πεζογραφία');
INSERT INTO keyword VALUES( 9789604900671,'Μυθολογία');
INSERT INTO keyword VALUES( 9789604900671,'Ιστορικό');

INSERT INTO book VALUES( 9789600356717,'ΠΕΡΙ ΤΥΦΛΟΤΗΤΟΣ','Καστανιώτη',384,'Greek','https://www.politeianet.gr/components/com_virtuemart/shop_image/product/F81E92CFD53CCC7BDED853123F7E20C4.jpg','Ένας άνθρωπος χάνει ξαφνικά το φως του. Τα περιστατικά αιφνίδιας τύφλωσης κλιμακώνονται και η κυβέρνηση αποφασίζει να βάλει σε καραντίνα τους τυφλούς. Με γραφειοκρατική ακρίβεια, ο Ζοζέ Σαραμάγκου έχει υπολογίσει όλα όσα θα μπορούσαν να συμβούν σε έναν κόσμο που χάνει την όρασή του. Για πόσο καιρό η κίνηση στους δρόμους θα είναι ομαλή; Για πόσο καιρό θα επαρκούν τα τρόφιμα για τις πεινασμένες ορδές; Πόσος χρόνος χρειάζεται για να καταρρεύσει η παροχή του ηλεκτρικού ρεύματος, αερίου και νερού; Τι θα απογίνουν τα κατοικίδια; Οι σεξουαλικοί φραγμοί; Πόσοι τυφλοί φτιάχνουν μια τυφλότητα;');
INSERT INTO author VALUES( 9789600356717,'JOSE SARAMAGO');
INSERT INTO author VALUES( 9789600356717,'Δόξα Κωτσαλίδου');
INSERT INTO genre VALUES( 9789600356717,'Παιδική και εφηβική λογοτεχνία [899.9]');
INSERT INTO genre VALUES( 9789600356717,'Λογοτεχνία');
INSERT INTO keyword VALUES( 9789600356717,'Πορτογαλία');

INSERT INTO book VALUES( 9789603615941,'UPSTREAM INTERMEDIATE COMPANION','EXPRESS PUBLISHING',112,'English','https://www.nakasconcept.gr/uploads/resources/114487/upstream-intermediate-companion-2015-huge.jpg?lm=86CB4B088C35E8D967C2A86A11E3EFB7','The Companion to Upstream Intermediate is specially designed to enrich and enlarge students vocabulary, focusing on the use of words in their everyday context.The Companion to Upstream Intermediate is specially designed to enrich and enlarge students vocabulary, focusing on the use of words in their everyday context. It functions both as a dictionary and as a supplementary practice book, thanks to its comprehensive lexical exercises.');
INSERT INTO author VALUES( 9789603615941,'DOOLEY JENNY');
INSERT INTO author VALUES( 9789603615941,'EVANS VIRGINIA');
INSERT INTO genre VALUES( 9789603615941,'Σχολικά [520]');
INSERT INTO genre VALUES( 9789603615941,'ξένες γλώσσες');
INSERT INTO genre VALUES( 9789603615941,'Εκμάθηση Ξένων γλωσσών');
INSERT INTO keyword VALUES( 9789603615941,'Αγγλικά');
INSERT INTO keyword VALUES( 9789603615941,'Intermediate');

INSERT INTO book VALUES( 9789605441760,'Profile on English Grammar 1','Litera - John Boukouvalas',96,'English','https://img.bookworld.gr/userfiles/books/68160-profile-on-english-grammar-1.webp','English Companion Book: Intermediate');
INSERT INTO author VALUES( 9789605441760,'Γιάννης Μπουκουβάλας');
INSERT INTO genre VALUES( 9789605441760,'Σχολικά [520]');
INSERT INTO genre VALUES( 9789605441760,'ξένες γλώσσες');
INSERT INTO genre VALUES( 9789605441760,'Εκμάθηση Ξένων γλωσσών');
INSERT INTO keyword VALUES( 9789605441760,'Αγγλικά');
INSERT INTO keyword VALUES( 9789605441760,'Intermediate');

INSERT INTO book VALUES( 9789605441791,'Profile on English Grammar 2','Litera - John Boukouvalas',120,'English','https://img.bookworld.gr/userfiles/books/68151-profile-on-english-grammar-2.webp','Egnlish Companion Book: Advanced');
INSERT INTO author VALUES( 9789605441791,'Γιάννης Μπουκουβάλας');
INSERT INTO genre VALUES( 9789605441791,'Σχολικά [520]');
INSERT INTO genre VALUES( 9789605441791,'ξένες γλώσσες');
INSERT INTO genre VALUES( 9789605441791,'Εκμάθηση Ξένων γλωσσών');
INSERT INTO keyword VALUES( 9789605441791,'Αγγλικά');
INSERT INTO keyword VALUES( 9789605441791,'Advanced');

INSERT INTO book VALUES( 9789605441845,'Profile On English Grammar 4','Litera - John Boukouvalas',132,'English','https://www.protoporia.gr/repository/covers/21/216978.jpg','Egnlish Companion Book: Proficiency');
INSERT INTO author VALUES( 9789605441845,'Γιάννης Μπουκουβάλας');
INSERT INTO genre VALUES( 9789605441845,'Σχολικά [520]');
INSERT INTO genre VALUES( 9789605441845,'ξένες γλώσσες');
INSERT INTO genre VALUES( 9789605441845,'Εκμάθηση Ξένων γλωσσών');
INSERT INTO keyword VALUES( 9789605441845,'Αγγλικά');
INSERT INTO keyword VALUES( 9789605441845,'Proficiency');


INSERT INTO book VALUES( 9789607114884,'GRAMMAR TODAY 1 - BEGINNER','Γρίβας',88,'English','https://www.politeianet.gr/components/com_virtuemart/shop_image/product/47ABB1057000C415A0FFAB70D775B432.jpg','Grammar English to Greek.');
INSERT INTO author VALUES( 9789607114884,'Γιώργος Γρίβας');
INSERT INTO genre VALUES( 9789607114884,'Σχολικά [520]');
INSERT INTO genre VALUES( 9789607114884,'ξένες γλώσσες');
INSERT INTO genre VALUES( 9789607114884,'Λεξικό');
INSERT INTO keyword VALUES( 9789607114884,'Αγγλικά');
INSERT INTO keyword VALUES( 9789607114884,'Λεξικό');

INSERT INTO book VALUES( 9789605441210,'Profile On English Grammar 3','Litera - John Boukouvalas',102,'English','https://www.protoporia.gr/repository/covers/21/216975.jpg','Egnlish Companion Book: Proficiency');
INSERT INTO author VALUES( 9789605441210,'Γιάννης Μπουκουβάλας');
INSERT INTO genre VALUES( 9789605441210,'Σχολικά [520]');
INSERT INTO genre VALUES( 9789605441210,'ξένες γλώσσες');
INSERT INTO genre VALUES( 9789605441210,'Εκμάθηση Ξένων γλωσσών');
INSERT INTO keyword VALUES( 9789605441210,'Αγγλικά');
INSERT INTO keyword VALUES( 9789605441210,'Proficiency');

INSERT INTO book VALUES( 9781843255413,'CPE Listening And Speaking Skills 1: Teachers Book','EXPRESS PUBLISHING',401,'English','https://www.protoporia.gr/repository/covers/33/334666.jpg','Βιβλια για γραμματική');
INSERT INTO author VALUES( 9781843255413,'Γιάννης Μπουκουβάλας');
INSERT INTO genre VALUES( 9781843255413,'Σχολικά [520]');
INSERT INTO genre VALUES( 9781843255413,'ξένες γλώσσες');
INSERT INTO genre VALUES( 9781843255413,'Λεξικό');
INSERT INTO genre VALUES( 9781843255413,'Ακοή γλωσσών');
INSERT INTO keyword VALUES( 9781843255413,'Αγγλικά');
INSERT INTO keyword VALUES( 9781843255413,'Proficiency');

INSERT INTO book VALUES( 9789607212122,'INTERMEDIATE GRAMMAR AND EXERCISES','EXPRESS PUBLISHING',336,'Greek','https://www.politeianet.gr/components/com_virtuemart/shop_image/product/5B92AA134A0E0F6EAFE26F263A88A2EC.jpg','Γαλλικά');
INSERT INTO author VALUES( 9789607212122,'Βλάχου Παπαγιάννη');
INSERT INTO genre VALUES( 9789607212122,'Σχολικά [520]');
INSERT INTO genre VALUES( 9789607212122,'ξένες γλώσσες');
INSERT INTO genre VALUES( 9789607212122,'Λεξικό');
INSERT INTO genre VALUES( 9789607212122,'Ανάγνωση');
INSERT INTO keyword VALUES( 9789607212122,'Γαλλικά');
INSERT INTO keyword VALUES( 9789607212122,'Proficiency');

INSERT INTO book VALUES( 9789601641164,'Αγγλο-ελληνικό και ελληνο-αγγλικό λεξικό','Πατάκη',1493,'Greek','http://dim-flamour.pel.sch.gr/myLib/bookimg/b198162.jpg','Το χρηστικό αυτό Λεξικό αποτελεί ένα πολύτιμο βοήθημα για όσους μαθαίνουν αγγλικά ή χρειάζεται να επικοινωνήσουν στα αγγλικά για λόγους επαγγελματικούς, επιστημονικούς, προσωπικούς κτλ. Περιέχει: -ολόκληρο το βασικό λεξιλόγιο της αγγλικής και της ελληνικής γλώσσς -εξειδικευμένους όρους και έννοιες που σχετίζονται με τον σύγχρονο τρόπο ζωής, τεπιστημονική πρόοδο, τις νέες τεχνολογίες κτλ. -πλήθος εκφράσεων σε οικείο, προφορικό ύφος και από τις δύο γλώσσες, κατάλληλες για επικοινωνία σε ανεπίσημο, φιλικό ύφος -δείκτες που βοηθούν στον εντοπισμό της ακριβούς σημασίας (περιγραφή συμφραζομένων, συνώνυμα κτλ.) -παραδείγματα χρήσης, καθώς και τυποποιημένες εκφράσεις και ιδιωματισμούς -φωνητική απόδοση των αγγλικών λέξεων, με τη χρήση γραμμάτων του ελληνικού αλφαβήτου, προκειμένου να μην απαιτείται εξοικείωση του αναγνώστη με το διεθνές σύστημα φωνητικής απεικόνισης.');
INSERT INTO author VALUES( 9789601641164,'Στέφανος Α. Πατάκης');
INSERT INTO genre VALUES( 9789601641164,'Αγγλική γλώσσα [423]');
INSERT INTO genre VALUES( 9789601641164,'Λεξικό');
INSERT INTO keyword VALUES( 9789601641164,'Λεξικό');
INSERT INTO keyword VALUES( 9789601641164,'Ελληνικά');
INSERT INTO keyword VALUES( 9789601641164,'Αγγλικά');

INSERT INTO book VALUES( 9789602366493,'Ο αλχημιστής','Α. Α. Λιβάνη',304,'Greek','http://dim-flamour.pel.sch.gr/myLib/bookimg/b11041%20(1).jpg','Ενας νεαρός Ισπανός βοσκός, ο Σαντιάγο, αποφασίζει ν αναζητήσει τη μοίρα του. Η αναζήτησή του θα τον οδηγήσει στη Σαχάρα και τις πυραμίδες της Αιγύπτου. Στο ταξίδι του θα γνωρίσει σοφούς βασιλιάδες και αλχημιστές. Ακολουθώντας τα σημάδια της μοίρας, θα συναντήσει μυστηριώδεις ανθρώπους και θα ρθει αντιμέτωπος με παράξενες καταστάσεις. Ετσι θα του τεθούν τα θεμελιώδη ερωτήματα της ύπαρξης, που θα τον αλλάξουν για πάντα. Θ ανακαλύψει όμως ότι, όταν μπορεί κανείς να συγκεντρώνεται στο παρόν, τότε είναι ένας ευτυχισμένος άνθρωπος. Οπως είπε και ο ίδιος ο συγγραφέας μιλώντας για τον Αλχημιστή, το σύμπαν συνωμοτεί για να μας βοηθήσει, όταν προσπαθούμε να ζήσουμε το προσωπικό μας όνειρο. Μέσα απ αυτό το συγκλονιστικό βιβλίο, όπου συναντιέται ο μυστικισμός του Μεσαίωνα με το τραγούδι της ερήμου, ο Κοέλο μάς ανοίγει το παλιό μονοπάτι για τη γνώση του κόσμου: αυτό που περνά από την καρδιά.');
INSERT INTO author VALUES( 9789602366493,'Paulo Coelho');
INSERT INTO author VALUES( 9789602366493,'Μαρία - Φερρέιρα Χιδίρογλου');
INSERT INTO genre VALUES( 9789602366493,'Μυθιστόρημα [869.3]');
INSERT INTO keyword VALUES( 9789602366493,'Μυθιστόρημα');
INSERT INTO keyword VALUES( 9789602366493,'Αλχημία');


INSERT INTO book VALUES( 9789604550807,'Η καλοσύνη των ξένων : Μια αληθινή ιστορία','Μεταίχμιο',306,'Greek','http://dim-flamour.pel.sch.gr/myLib/bookimg/b112834.jpg','Είτε νόμιμη είτε παράνομη, κάθε υιοθεσία εμπεριέχει τους δικούς της κινδύνους. Δεν ξέρεις πού θα σταθεί η μπίλια. Ποιος θα βγει τελικά κερδισμένος. Αν η ρουλέτα δεν ήταν εξαρχής πειραγμένη. Σε ένα παιχνίδι με ρευστούς κανόνες, όπου όλα τα χτυπήματα επιτρέπονται, δεν μπορείς παρά να ευχηθείς να μην σου συμβεί το χειρότερο. Να αφεθείς στις αγαθές προθέσεις των αγνώστων. Στην καλοσύνη των ξένων. Ο Πέτρος Τατσόπουλος αφηγείται την ιστορία της υιοθεσίας που γνωρίζει καλύτερα. Τη δική του υιοθεσία. Μια υπόθεση ξεκαρδιστική όσο και συγκινητική, αν και συνήθως για τους λάθος λόγους. Καθαρόαιμες κωμικές σκηνές εκτρέπονται αναπάντεχα προς μια δραματική κατεύθυνση, ενώ συμβάντα που προορίζονται να αγγίξουν τις πιο ευαίσθητες χορδές του αναγνώστη γαργαλούν απροσδόκητα τις πατούσες του. Όπως και στο Λούκι Λουκ, οι ράγες και το τρένο προχωρούν ταυτόχρονα. Κανένας δε γνωρίζει τον προορισμό.');
INSERT INTO author VALUES( 9789604550807,'Πέτρος Τατσόπουλος');
INSERT INTO genre VALUES( 9789604550807,'Νεοελληνική πεζογραφία [889.3]');
INSERT INTO genre VALUES( 9789604550807,'Αφήγημα');
INSERT INTO keyword VALUES( 9789604550807,'Ιστορικό');
INSERT INTO keyword VALUES( 9789604550807,'Πολεμικό');

INSERT INTO book VALUES( 9789609487870,'Το ρεπερτόριο της άνοιξης : Θρίλερ','Ελευθεροτυπία',397,'Greek','http://dim-flamour.pel.sch.gr/myLib/bookimg/b169440.jpg','Θα κατορθώσει η Χρυσάνθη Καφαντάρη να βρει την πολύτιμη συλλογή κοσμημάτων που είναι κρυμμένη κάπου μέσα στο σπίτι και που της ζητούν επιμόνως κάποιοι αδίστακτοι απαγωγείς για να της επιστρέψουν σώους και αβλαβείς τον άντρα και το γιο της, που απήγαγαν το πρωί; Ποιος είναι ο αδίστακτος δολοφόνος που έχει βάλει στο σημάδι τους αργόσχολους νέους της πλατείας; Ο κύριος Ζήκος και ο ευτραφής βοηθός του Φραγκίσκος θα κατορθώσουν να λύσουν και αυτό το μυστήριο; Επίσης, ποιος δολοφόνησε τον θεατρικό κριτικό; Ήταν κάποιος ηθοποιός; Μήπως ήταν κάποιος σκηνοθέτης ή κάποιος θεατρικός συγγραφέας; Ακόμη, θα κρατήσουν την ψυχραιμία τους οι ηθοποιοί που παίρνουν μέρος σε κάποια παιδική τηλεοπτική εκπομπή και θα κατορθώσουν να εξουδετερώσουν τη βόμβα που έχει βάλει στόχο του τις δύο σταρ, την ξανθιά και τη μελαχρινή, που σαράντα τόσο χρόνια τώρα παίζουν το ίδιο έργο στο ίδιο θέατρο; Ο κύριος Ζήκος και ο βοηθός του Φραγκίσκος θα βρεθούν προ μεγάλης εκπλήξεως όταν στο τέλος, μετά από πολλά συνταρακτικά γεγονότα θα κατορθώσουν να εντοπίσουν το δολοφόνο... Επιπλέον τι έπιασε τη ζάμπλουτη ηλικιωμένη κυρία και προσέλαβε έναν πρώην βαρυποινίτη για οικιακό βοηθό; Είναι σεξουαλικοί οι λόγοι ή μήπως έχει κάτι άλλο φοβερότερο στο νου της; Και, τέλος, ποιος είναι ο αόρατος δολοφόνος που δολοφονεί έναν έναν, με τη σειρά, τους τρεις διακεκριμένους καθηγητές του πανεπιστημίου; Τι επιδιώκει και ποιο είναι το περίφημο δηλητήριο που χρησιμοποιεί; Και το μυστήριο συνεχίζεται....');
INSERT INTO author VALUES( 9789609487870,'Γιώργος Μανιώτης');
INSERT INTO genre VALUES( 9789609487870,'Νεοελληνική πεζογραφία [889.3]');
INSERT INTO genre VALUES( 9789609487870,'Διήγημα');
INSERT INTO keyword VALUES( 9789609487870,'Μυθστόρημα');
INSERT INTO keyword VALUES( 9789609487870,'Ιστορικό');
INSERT INTO keyword VALUES( 9789609487870,'Ποίημα');

INSERT INTO book VALUES( 9789600364507,'Χίλιες ανάσες','Καστανιώτη',320,'Greek','http://dim-flamour.pel.sch.gr/myLib/bookimg/b230627.jpg','Κουμπί, κούτελο, τάφος, Βράχος ασκήσεις για δυνατούς λύτες. Ήταν όντως αινίγματα ή ο άγριος θάνατος την είχε κλονίσει τόσο που έχανε το νόημα του τετέλεσται και το μέτρο των τετελεσμένων; Άγγιξε το άσπρο πουκάμισο του Στέλιου, άπλυτο από το καλοκαίρι. Μύρισε λαίμαργα τις κιτρινίλες του ιδρώτα του στις μασχάλες, φίλησε τον γιακά σαν να φιλούσε τον λαιμό του. Εσένα, δεν έχω σκοπό να σε μπουγαδιάσω, ψιθύρισε κι αμέσως μετά κόλλησε στον καθρέφτη. Λαχταρούσε να βρει κατάφατσα εκεί το πρόσωπο του άντρα της, να δει τα ματόκλαδά του να παίζουν, τις φλέβες του λαιμού να φουσκώνουν και να ξεφουσκώνουν ολοζώντανες. Θα ακουμπούσε τα δάχτυλά της στο κεφάλι του, θα μετρούσε σωστά το πλάτος του μετώπου, την απόσταση από τα φρύδια ως τις ρίζες των μαλλιών του. Περίμενε, περίμενε, στο τζάμι υπήρχε μόνο το σπασμένο μούτρο της και το θολωμένο βλέμμα της. Αυτή, η Πηγή Βογιατζή, αυτή που διάβαζε τα μάτια των άλλων, καρφώθηκε εκεί για είκοσι λεπτά και δεν μπορούσε να διαβάσει τα δικά της. Ένιωσε το στήθος και το κεφάλι της να καίνε την ίδια στιγμή που τα πόδια της είχαν ολότελα ξυλιάσει, άλλος άνθρωπος από τη μέση και πάνω, άλλος από τη μέση και κάτω. Έκλεισε τα μάτια και ψιθύρισε πέντε λέξεις κοφτά. Δεν ξέρω πού να είμαι.');
INSERT INTO author VALUES( 9789600364507,'Ιωάννα Ιωάννα');
INSERT INTO genre VALUES( 9789600364507,'Νεοελληνική πεζογραφία [889.3]');
INSERT INTO genre VALUES( 9789600364507,'Μυθιστόρημα');
INSERT INTO keyword VALUES( 9789600364507,'Ιστορικό');

INSERT INTO book VALUES( 9786180124910,'Τα πέντε κλειδιά','Ψυχογιόs',576,'Greek','http://dim-flamour.pel.sch.gr/myLib/bookimg/b225238.jpg','Η αγάπη δε θέλει όρους.');
INSERT INTO author VALUES( 9786180124910,'Λένα Μαντά');
INSERT INTO author VALUES( 9786180124910,'Γιώργος Παπαδόπουλος');
INSERT INTO genre VALUES( 9786180124910,'Νεοελληνική πεζογραφία [889.3]');
INSERT INTO genre VALUES( 9786180124910,'Μυθιστόρημα');
INSERT INTO keyword VALUES( 9786180124910,'Ιστορικό');
INSERT INTO keyword VALUES( 9786180124910,'Τριλογία');

INSERT INTO book VALUES( 9786180124828,'Το σπίτι δίπλα στο ποτάμι','Ψυχογιός',648,'Greek','http://dim-flamour.pel.sch.gr/myLib/bookimg/b225227.jpg','Η ζωή δεν τελειώνει. Κυλάει πάντα σαν το ποτάμι.');
INSERT INTO author VALUES( 9786180124828,'Λένα Μαντά');
INSERT INTO genre VALUES( 9786180124828,'Νεοελληνική πεζογραφία [889.3]');
INSERT INTO genre VALUES( 9786180124828,'Διήγημα');
INSERT INTO keyword VALUES( 9786180124828,'Ιστορικό');
INSERT INTO keyword VALUES( 9786180124828,'Τριλογία');

INSERT INTO book VALUES( 9789600327625,'Η μύηση Της επανάστασης, της μοναξιάς και της λαγνείας : Μυθιστόρημα','Καστανιώτη',608,'Greek','http://dim-flamour.pel.sch.gr/myLib/bookimg/b33377.jpg','Οδυσσέας Φραντζής, Αριάδνη Καρέλη. Δύο άνθρωποι που αγωνίζονται να συναντηθούν, περνώντας μέσα από τις συμπληγάδες ταξικών διαφορών, πολέμων, επαναστάσεων. Ένας έρωτας που προσπαθεί να επιβιώσει διασχίζοντας το μεγαλύτερο μέρος του ελληνικού εικοστού αιώνα και τα γεγονότα που τον συντάραξαν, αρχίζοντας από τη Μικρασιατική καταστροφή και τελειώνοντας στη μεταπολίτευση, μετά την πτώση της Χούντας. Η Αριάδνη Καρέλη, μεγαλοαστή, μέλος μιας από τις οικογένειες που κυβερνούσαν την Ελλάδα, ο Οδυσσέας Φραντζής, πληβείος, ζωγράφος, ένας νέος που έθεσε σαν στόχο να βρει την ταυτότητα της ύπαρξής του και την αρμονία, μέσα από την τέχνη και έναν έρωτα δίχως όρια. Γύρω τους, δεκάδες άλλα πρόσωπα στροβιλίζονται από την τρομερή ένταση της ιστορίας. Άνθρωποι εν ιστορία. Άνθρωποι εν πολέμω. Ένα μυθιστόρημα που καταγράφει ανθρώπινες περιπέτειες, αλλά και τις περιπέτειες του τόπου μας, μέσα από δικτατορίες, εμφυλίους πολέμους, προδοσίες πολιτικών, στρατηγών, κομμάτων και συμμάχων.');
INSERT INTO author VALUES( 9789600327625,'Γιώργος Μιχαηλίδης');
INSERT INTO genre VALUES( 9789600327625,'Νεοελληνική πεζογραφία [889.3]');
INSERT INTO genre VALUES( 9789600327625,'Μυθιστόρημα');
INSERT INTO keyword VALUES( 9789600327625,'Ιστορία');
INSERT INTO keyword VALUES( 9789600327625,'Πολιτικό');
INSERT INTO keyword VALUES( 9789600327625,'Πολεμικό');

INSERT INTO book VALUES( 9789600324600,'Τα ηρωικά χρόνια','Καστανιώτη',435,'English','http://dim-flamour.pel.sch.gr/myLib/bookimg/b2937.jpg','Μια συγκλονιστική αναφορά στη φρίκη του πολέμου και ταυτόχρονα μια ιστορία ενηλικίωσης γεμάτη λυρισμό, Τα ηρωικά χρόνια του Στρατή Χαβιαρά αφηγούνται τις περιπέτειες μιας ομάδας παιδιών που περιπλανιούνται στη ρημαγμένη ύπαιθρο, την εποχή του Εμφύλιου, προσπαθώντας να επιβιώσουν. Πολύ μεγάλα για να θεωρηθούν παιδιά και πολύ μικρά για να πάνε στρατιώτες, αποφασίζουν να κινήσουν όλα μαζί για το βορρά, ελπίζοντας να περάσουν τα σύνορα και να σωθούν, αλλά καταλήγουν στα λημέρια των ανταρτών, στο Γράμμο, όπου διεξάγονται οι πιο τραγικές μάχες του πολέμου. Με οδυνηρή αμεσότητα ο Χαβιαράς διεισδύει στην καρδιά της τραγικής μοίρας μιας ολόκληρης γενιάς παιδιών που πρέπει να γνωρίσουν το θάνατο προτού καν γνωρίσουν τη ζωή. Και μέσα σ αυτό το πλαίσιο της βάναυσης και σκληρής πραγματικότητας διαγράφεται με τρυφερότητα και χιούμορ ένα άλλο ταξίδι, η πορεία προς την εφηβεία - ένα ταξίδι γεμάτο μύθους, όνειρα και τη λαχτάρα για φιλία, περιπέτεια και αγάπη. Η γραφή του Χαβιαρά είναι λιτή, άμεση και διέπεται από μια μυθική δύναμη. Τα ηρωικά χρόνια είναι ένα σκληρό, βαθύτατα συγκινητικό και όμορφο βιβλίο. PEOPLE Τα ηρωικά χρόνια είναι μια συγκλονιστική και μαγευτική ιστορία... Η δύναμη του βιβλίου έγκειται στη μαεστρική σύνθεση ομορφιάς και σκληρότητας, λιτότητας και σοφίας. O Χαβιαράς είναι ένας από τους σπουδαιότερους μυθιστοριογράφους μας.');
INSERT INTO author VALUES( 9789600324600,'Στρατής Χαβιαράς');
INSERT INTO author VALUES( 9789600324600,'Τατιάνα Αβέρωφ - Ιωάννου');
INSERT INTO genre VALUES( 9789600324600,'Νεοελληνική πεζογραφία [889.3]');
INSERT INTO genre VALUES( 9789600324600,'Μυθιστόρημα');
INSERT INTO keyword VALUES( 9789600324600,'Ιστορία');
INSERT INTO keyword VALUES( 9789600324600,'Πολεμικό');
INSERT INTO keyword VALUES( 9789600324600,'Νομικό');
INSERT INTO keyword VALUES( 9789600324600,'Δικηγορικό');
INSERT INTO keyword VALUES( 9789600324600,'Εφηβικό');


INSERT INTO book VALUES( 9789604692941,'Στοιχεία για τη δεκαετία του 60','Alter - Ego ΜΜΕ Α.Ε.',336,'English','http://dim-flamour.pel.sch.gr/myLib/bookimg/b138132.jpg','Τα κορυφαία πολιτικά γεγονότα μιας ταραχώδους δεκαετίας παρουσιάζονται [...] μέσα από ειδησάρια που αναφέρονται στις μη κορυφαίες στιγμές τους. Σκιαγραφούν εντούτοις το πολιτικό σκηνικό της εποχής και το φωτίζουν υποβλητικά, ακριβώς γιατί αποφεύγουν τους έντονους φωτισμούς. Ανάλογο ρόλο διαδραματίζουν ειδήσεις και διαφημίσεις στην υπαινικτική διαγραφή της κοινωνικής ψυχολογίας της εποχής, των μύθων και των ιδεολογημάτων της. Σπύρος Τσακνιάς, Το Βήμα, 3-9-89 Μυθιστόρημα, λοιπόν: με επιλογή και επινόηση. Τα Στοιχεία για τη δεκαετία του 60 όχι μόνο αποφεύγουν τους κινδύνους της λογοτεχνίας των πειστηρίων, αλλά και ανατρέπουν τις προϋποθέσεις της: τα τεκμήρια δεν προσφέρονται στον συγγραφέα επιζητώντας τον σχολιασμό τους -τα δημιουργεί ο ίδιος ως σχόλια μιας πραγματικότητας την οποίας υποτίθεται ότι αποτελούν οργανικό κορμό. Το κέρδος δεν είναι μόνο δικό του. Είναι κυρίως κέρδος του αναγνώστη που, μαζί με όλα τ άλλα, διαβάζει το βιβλίο απνευστί, σαν περιπετειώδες -που είναι- μυθιστόρημα. Βαγγέλης Χατζηβασιλείου, Αυγή, 18-6-89 Το βιβλίο του Θανάση Βαλτινού, στο οποίο πρωταγωνιστεί η δεκαετία του 60, κυκλοφόρησε πρώτη φορά το 1989 και έχει τιμηθεί με Κρατικό Βραβείο Μυθιστορήματος.');
INSERT INTO author VALUES( 9789604692941,'Θανάσης Βαλτινός');
INSERT INTO author VALUES( 9789604692941,'Γιώργος Τσακνιάς');
INSERT INTO genre VALUES( 9789604692941,'Παιδική και εφηβική λογοτεχνία [899.9]');
INSERT INTO genre VALUES( 9789604692941,'Διήγημα');
INSERT INTO keyword VALUES( 9789604692941,'1960');
INSERT INTO keyword VALUES( 9789604692941,'Ιστορικό');

INSERT INTO book VALUES( 9789604692934,'Η χάλκινη εποχή : Το μυθιστόρημα του Κυπριακού Αγώνα','Alter - Ego ΜΜΕ Α.Ε.',310,'Greek','http://dim-flamour.pel.sch.gr/myLib/bookimg/b138054.jpg','Ο καθηγητής Αλέξης Μπαλαφάρας φθάνει στην Κύπρο στα μέσα της δεκαετίας του 50, λίγο πριν από την έναρξη του κυπριακού αγώνα κατά της αγγλικής κυριαρχίας. Αδιάφορος αρχικά, σιγά σιγά παρασύρεται από τον ενθουσιασμό των μαθητών του και αφιερώνεται ολόψυχα στην ΕΟΚΑ. Οι αγριότητες των αντιμαχόμενων παρατάξεων του προκαλούν φρίκη, αλλά δεν τον απομακρύνουν από τον σκοπό του, να διώξει τους κατακτητές από τον τόπο του. Παγιδευμένος σ έναν φαύλο κύκλο τρομοκρατίας και εκδίκησης, θα ακολουθήσει τελικά την κοινή μοίρα που τον συνδέει με τους μαχητές του, με τους Άγγλους φίλους του και με τη Σύλβια, τη γυναίκα που έχει ερωτευθεί. Συνδυάζοντας την ιστορική ακρίβεια, τη δημοσιογραφική καθαρότητα και τη βαθιά ψυχολογική ενάργεια, ο Ρόδης Ρούφος μας προσφέρει στη Χάλκινη εποχή (πρωτοεκδόθηκε το 1980) μια γνήσια εικόνα της κυπριακής εξέγερσης του 1955-59 κι έναν ευρύτερο στοχασμό ως προς το θέμα της βίας, της επανάστασης και των ηθικών ορίων.');
INSERT INTO author VALUES( 9789604692934,'Ρόδης Ρούφος');
INSERT INTO genre VALUES( 9789604692934,'Νεοελληνική πεζογραφία [889.3]');
INSERT INTO genre VALUES( 9789604692934,'Μυθιστόρημα');
INSERT INTO keyword VALUES( 9789604692934,'Ιστορικό');

INSERT INTO book VALUES( 9789601902869,'Σαν το λίγο το νερό','Ελληνικά Γράμματα',197,'Greek','http://dim-flamour.pel.sch.gr/myLib/bookimg/b137072.jpg','Πρόκειται για την περιδιάβαση μιας ψυχής μετά θάνατον στο εσωτερικό τοπίο του ανθρώπου. Κυρίως στις σκοτεινές μεριές του, στα ανομολόγητα και στις πληγές του. Είναι ακόμα μια περιδιάβαση στους οικισμούς του ανθρώπου. Αντιπαραβάλλει ο συγγραφέας τα πρόσωπα και τα άτομα, τις δυσκολίες και τα καλά των ανθρώπινων κοινωνιών. Είναι επίσης μια περιδιάβαση ανάμεσα στην περιφρονημένη και αδιαμεσολάβητη δημώδη γλώσσα και στη σχολική νεοελληνική γλώσσα. Και τέλος, είναι μια περιπλάνηση στους αιθέρες, στο Σύμπαν. Αυτή η ψυχή, που έχει νοερά τη δυνατότητα να παίρνει την ανθρώπινη υπόσταση, μας δείχνει το Σύμπαν σαν ένα τεράστιο λούνα παρκ. Κατά την περιπλάνηση ξεχνιέται στα θεσπέσια θεάματά του, αλλά ο βασικός της σκοπός είναι να ξαναγυρίσει στη Γη. Δεν τελειώθηκε η ζωή αυτού του πλάσματος και θέλει με μεγάλη ζέση και υπό την πίεση αφόρητης νοσταλγίας να επιστρέψει. Ίσως άμα ξαναβρεί τη Γη, καταφέρει να αρθεί η βασική ψυχική εκκρεμότητα που τον βασάνιζε ως άνθρωπο. Είναι η έλλειψη, εκ μέρους του, της συμπόνιας; Είναι η επιδίωξη, έστω και μετά θάνατον, της ιδανικής αγάπης; Είναι η αναζήτηση της πηγαίας γλώσσας; Είναι το αίτημα της ελευθερίας; Ή, βαθύτερα ακόμα, η αναζήτηση της ξεγνοιασιάς;');
INSERT INTO author VALUES( 9789601902869,'Σωτήρης Δημητρίου');
INSERT INTO author VALUES( 9789601902869,'Ελένη Κεχαγιόγλου');
INSERT INTO genre VALUES( 9789601902869,'Νεοελληνική πεζογραφία [889.3]');
INSERT INTO genre VALUES( 9789601902869,'Μυθιστόρημα');
INSERT INTO keyword VALUES( 9789601902869,'Ταινία');
INSERT INTO keyword VALUES( 9789601902869,'Πολιτικό');
INSERT INTO keyword VALUES( 9789601902869,'Ιστορικό');

INSERT INTO book VALUES( 9789600448825,'Σκάκι: Μια περιπέτεια σε 64 τετράγωνα','Κέδρος',176,'Greek','http://dim-flamour.pel.sch.gr/myLib/bookimg/b225219.jpg','Το σκάκι, εκτός από παιχνίδι, είναι μια περιπέτεια σε 64 τετράγωνα! Στο βιβλίο επιχειρείται μια πρωτότυπη προσπάθεια να γίνει διάλογος με κάθε παιδί που θέλει να μάθει πώς παίζεται το σκάκι. Απευθύνεται κυρίως σε παιδιά, αλλά είναι κατάλληλο και για όποιον ενήλικα ενδιαφέρεται να μάθει σκάκι. Φιλοδοξία της συγγραφέως είναι να γίνει εύκολα κατανοητό το παιχνίδι μέσα από μια διαδικασία άνετη, ευχάριστη και διασκεδαστική.');
INSERT INTO author VALUES( 9789600448825,'Αλίκη Σπυροπούλου');
INSERT INTO genre VALUES( 9789600448825,'Σχολικά [520]');
INSERT INTO genre VALUES( 9789600448825,'Σκάκι');
INSERT INTO keyword VALUES( 9789600448825,'Σκάκι');

INSERT INTO book VALUES( 9789605850654,'Η ΑΛΦΑΒΗΤΑ ΠΟΥ ΜΠΕΡΔΕΥΕΙ','Πεδίο',223,'Greek','http://dim-flamour.pel.sch.gr/myLib/bookimg/i-alfavita-pou-mperdeui-11479cover.jpg','Τα προβλήματα στη σχολική μάθηση που αντιμετωπίζουν οι μαθητές με μαθησιακές δυσκολίες, διαφοροποιούνται σημαντικά ανάλογα με τον μαθητή, το γνωστικό αντικείμενο και την εκπαιδευτική βαθμίδα. Αφορούν κυρίως τον χειρισμό του γραπτού λόγου (ανάγνωση, γραφή) και σε ορισμένες περιπτώσεις, τα μαθηματικά, ενώ αποτελούν τον πυρήνα για την ανίχνευση, τη διάγνωση και τη διδασκαλία. Η δυσλεξία είναι η πιο κοινή μαθησιακή δυσκολία και το βασικότερο πρόβλημα που εμφανίζουν τα παιδιά με δυσλεξία ειναι η δυσκολία ανάγνωσης σε επίπεδο λέξης. Βέβαια, σε γλώσσες όπως η ελληνική, όπου υπάρχει αντιστοιχία μεταξύ γράμματος και φωνήματος, σημαντικές δυσκολίες εμφανίζονται κυρίως στην ορθογραφία. Για παράδειγμα, στην ελληνική γώσσα το γράμμα α διαβάζεται πάντοτε α, ενώ στην αγγλική γλώσσα το γράμμα a διαβάζεται με πολλούς διαφορετικούς τρόπους. Οι δυσκολίες αυτές δεν ξεπερνιούνται εύκολα στο δημοτικό και παραμένουν στη δευτεροβάθμια εκπαίδευση. Εάν δεν αντιμετωπιστούν αποτελεσματικά και έγκαιρα, διευρύνονται και ορισμένες φορές χάνουν τον ειδικό χαρακτήρα τους και επηρεάζουν το σύνολο της μάθησης. Αυτό μπορεί να οδηγήσει στη δευτεροβάθμια εκπαίδευση σε συνολικά πολύ χαμηλό επίπεδο επίδοσης ή ακόμη και στη διακοπή της σχολικής φοίτησης.');
INSERT INTO author VALUES( 9789605850654,'Σουζάνα Παντελιάδου');
INSERT INTO genre VALUES( 9789605850654,'Σχολικά [520]');
INSERT INTO keyword VALUES( 9789605850654,'Αλφάβητο');

INSERT INTO book VALUES( 9789604607648,'Η δύναμη των αισθήσεων','Σαββάλας',25,'Greek','http://dim-flamour.pel.sch.gr/myLib/bookimg/b74067.jpg','Ανακαλύψτε τον τρόπο που αντιδρούν οι αισθήσεις μας στον ήχο, στο φως, στην υφή, στις μυρωδιές και στις γεύσεις. Έχουν οι άνθρωποι έκτη αίσθηση; Μπορούν να ανακαλύπτουν πράγματα για τον κόσμο ή για του άλλους ανθρώπους χωρίς να χρησιμοποιούν την αφή, την ακοή, την όραση, τη γεύση ή την όσφρηση; Κάποιοι πιστεύουν ότι διαθέτουμε έκτη αίσθηση, δηλαδή εξωαισθητήρια αντίληψη.');
INSERT INTO author VALUES( 9789604607648,'Richard Walker');
INSERT INTO genre VALUES( 9789604607648,'Σχολικά [520]');
INSERT INTO genre VALUES( 9789604607648,'Ανατομία');
INSERT INTO keyword VALUES( 9789604607648,'Βιολογία');

INSERT INTO book VALUES( 9789605036409,'ΕΙΝΑΙ ΛΑΘΟΣ Η ΔΕΝ ΕΙΝΑΙ;','Μεταίχμιο',259,'Greek','http://dim-flamour.pel.sch.gr/myLib/bookimg/%CE%B1%CF%81%CF%87%CE%B5%CE%AF%CE%BF%20%CE%BB%CE%AE%CF%88%CE%B7%CF%82.jpg','Ένα διαφορετικό βιβλίο για το σωστό και το λάθος, που περιλαμβάνει απαντήσεις σε απορίες αλλά και σχόλια σε αυθεντικά κείμενα (λογοτεχνικά, δημοσιογραφικά κ.ά.), σε καταγεγραμμένα προβληματικά σημεία που αφορούν τη γραφή των νεοελληνικών λέξεων, τον τονισμό, τον συλλαβισμό, την κλίση, τον σχηματισμό, τη σημασία, τη σύνταξη, τη στίξη.');
INSERT INTO author VALUES( 9789605036409,'ΑΝΝΑ ΙΟΡΔΑΝΙΔΟΥ');
INSERT INTO author VALUES( 9789605036409,'ΕΛΕΝΗ ΚΕΧΑΓΙΟΓΛΟΥ');
INSERT INTO author VALUES( 9789605036409,'ΒΑΣΙΛΗΣ ΓΕΩΡΓΙΟΥ');
INSERT INTO genre VALUES( 9789605036409,'Σχολικά [520]');
INSERT INTO genre VALUES( 9789605036409,'Γλωσσολογία');
INSERT INTO keyword VALUES( 9789605036409,'Γλώσσα');
INSERT INTO keyword VALUES( 9789605036409,'Αλφάβητο');

INSERT INTO book VALUES( 9789601416496,'Ευμενίδες','Α. Α. Λιβάνη',955,'French','http://dim-flamour.pel.sch.gr/myLib/bookimg/b125451.jpg','Το φιλόδοξο αυτό μυθιστόρημα και ταυτόχρονα ιστορικό πόνημα αποτελεί μια ματιά εκ των έσω στα γρανάζια της μηχανής θανάτου που έθεσε σε λειτουργία η ναζιστική Γερμανία στο Β? Παγκόσμιο Πόλεμο. Ο δόκτωρ Μαξιμίλιαν Άουε, αφηγητής και πρωταγωνιστής στις Ευμενίδες, είναι ένα τέρας. Ένα καλλιεργημένο, δίγλωσσο, διανοούμενο τέρας που προσπαθεί να κάνει τον αναγνώστη να κατανοήσει τις αποτρόπαιες πράξεις του. Μέσα από τη δίνη ιστορικών συμβάντων που συντάραξαν την ανθρωπότητα αναδύονται οι μοναχικές, μελαγχολικές σκέψεις ως προς την ενοχή αλλά και το προαποφασισμένο των γεγονότων της ζωής του ίδιου του Μαξιμίλιαν, εγκληματία των SS. Με αναφορές στη μυθολογία, τη μουσική και τη λογοτεχνία και με βασικό το ερώτημα να ταλανίζει τον αφηγητή για το πόσα γνωρίζει η κοινωνία και πόσα επιθυμεί να μάθει για τις φρικαλεότητες των σκοτεινών πλευρών της Ιστορίας και για το πέπλο που καλύπτει την ιδεολογία των ναζί, παρακολουθούμε την ιστορία του δόκτορος Άουε και τις σκοτεινές πτυχές της προσωπικότητάς του.');
INSERT INTO author VALUES( 9789601416496,'Jonathan Littell');
INSERT INTO author VALUES( 9789601416496,'Άγγελος Φιλιππάτος');
INSERT INTO genre VALUES( 9789601416496,'Γαλλική πεζογραφία [840]');
INSERT INTO genre VALUES( 9789601416496,'Μυθιστόρημα');
INSERT INTO keyword VALUES( 9789601416496,'Ιστορικό');
INSERT INTO keyword VALUES( 9789601416496,'Μυθολογία');

INSERT INTO book VALUES( 9789602349885,'Μάθετε στα παιδιά σας 20 αξίες της ζωής','Άγκυρα',192,'Greek','http://dim-flamour.pel.sch.gr/myLib/bookimg/b79476.jpg','Ο άνθρωπος είναι από τη φύση του κοινωνικό πλάσμα και έχει ανάγκη να συναναστρέφεται με άλλα άτομα. Έτσι, λοιπόν, η συνύπαρξη είναι το φυσικό μέσο για να μάθουμε και να θέσουμε σε εφαρμογή τις βασικές αξίες οι οποίες πρέπει να ορίζουν την κοινωνική ζωή των ανθρώπων. Ο σεβασμός απέναντι στους άλλους, η υπομονή, η υπευθυνότητα και η σταθερότητα, η διαλογική ικανότητα, είναι αξίες που εμείς, ως γονείς, οφείλουμε να διδάξουμε στα παιδιά μας για να μπορέσουν να γίνουν ελεύθεροι και ευτυχισμένοι άνθρωποι. Τα παιδιά πρέπει ν αρχίσουν να μαθαίνουν τις αξίες από πολύ μικρή ηλικία και στο κατάλληλο περιβάλλον. Σύντομες σκέψεις σχετικά με το σημαντικό ρόλο που παίζουν οι αξίες στη συνύπαρξη, καθώς και εύκολες δραστηριότητες που -σε μικρότερο ή μεγαλύτερο βαθμό- μπορούν να πραγματοποιηθούν μέσα στο σπίτι επιτρέπουν στα παιδιά μας να συνειδητοποιήσουν τις αξίες με τον πιο φυσικό τρόπο. Το βιβλίο Μάθετε στα παιδιά σας 20 αξίες της ζωής είναι ένα βασικό εγχειρίδιο για τους γονείς που θέλουν να μεγαλώσουν παιδιά ανεξάρτητα, με εμπιστοσύνη στον εαυτό τους και, πάνω απ όλα, ευτυχισμένα, ικανά να κάνουν ευτυχισμένους και όσους τα συναναστρέφονται.');
INSERT INTO author VALUES( 9789602349885,'Pujol i Pons');
INSERT INTO author VALUES( 9789602349885,'Βερίνα Χωρεάνθη');
INSERT INTO author VALUES( 9789602349885,'Ινές Λουθ Γκονθάλεθ');
INSERT INTO genre VALUES( 9789602349885,'Σχολικά [520]');
INSERT INTO keyword VALUES( 9789602349885,'Μαθήματα');

INSERT INTO book VALUES( 9789608172524,'ΤΟ ΥΨΩΜΑ 731','ΜΕΛΕΤΗΣ ΕΛΛΗΝΙΚΗΣ ΙΣΤΟΡΙΑΣ',402,'Greek','http://dim-flamour.pel.sch.gr/myLib/bookimg/3E4A818793FECD97D623C85524F0B097.jpg','Επί τη επετείω της 28ης Οκτωβρίου 1940 εξεφωνήθη προ τινων ετών πανηγυρικός εις την Εταιρείαν των Φίλων του Λαού, συνεπεία του οποίου μετέσχον εις συζήτησιν πολεμιστών του 40 και ήκουσα ολίγα περί του επικού επί του υψώματος 731 αγώνος, κατά την απόκρουσιν της Εαρινής Επιθέσεως των Ιταλών τον Μάρτιον 1941. Ο εκ των συνομιλητών πρώην Αντιπρόεδρος της Βουλής κ. Ισαάκ Λαυρεντίδης ανεφέρθη εις το δίλημμα, το οποίον αντιμετώπισε κατά την διάρκειαν της μάχης. Συνίστατο τούτο εις την χρησιμοποίησιν ή μη ως προκαλυμμάτων των σωμάτων των νεκρών, τα οποία έκειντο σωρηδόν επί του εδάφους. Το γεγονός με εντυπωσίασε και ήρχισα να ασχολούμαι με την επί του 731 μάχην, περί της οποίας ουδέν εδιδάχθην εις τας παραγωγικάς και επιμορφωτικάς σχολάς των Ενόπλων Δυνάμεων, απόφοιτος των οποίων τυγχάνω. Το ενδιαφέρον των διδασκόντων είχεν επικεντρωθεί εις την μάχην της Πίνδου και του Καλαμά. Ανέτρεξα εις τα σχετικά συγγράμματα της Διευθύνσεως Ιστορίας Στρατού καθώς και εις έτερα πονήματα, ένθα διεπίστωσα ότι επρόκειτο περί συγκλονιστικού γεγονότος του πολέμου 1940-1941 το οποίον, ενώ έδει να αναφέρεται ομού μετά των κλασικών της αρχαιότητος μαχών προς απώθησιν της εξ ανατολών ζοφεράς απειλής ή τουλάχιστον όπως αι μάχαι της Πίνδου και του Καλαμά, διδακτικώς σχεδόν ηγνοείτο.');
INSERT INTO author VALUES( 9789608172524,'Γιώργος Τζουβάλας');
INSERT INTO genre VALUES( 9789608172524,'Σχολικά [520]');
INSERT INTO genre VALUES( 9789608172524,'Ιστορία');
INSERT INTO keyword VALUES( 9789608172524,'Ανθρωπολογία');
INSERT INTO keyword VALUES( 9789608172524,'Ιστορικό');

INSERT INTO book VALUES( 9786180124705,'Αρχαίοι Ρωμαίοι : Η ιστορία τους με αυτοκόλλητα','Ψυχογιός',32,'Russian','http://dim-flamour.pel.sch.gr/myLib/bookimg/b225998.jpg','Κάνε ένα ταξίδι');
INSERT INTO author VALUES( 9786180124705,'Τζόσουα Τζορτζ');
INSERT INTO genre VALUES( 9786180124705,'Ρωμαϊκή Αυτοκρατορία - Βιβλία για παιδιά [937.083]');
INSERT INTO keyword VALUES( 9786180124705,'Ιστορικό');
INSERT INTO keyword VALUES( 9786180124705,'Μυθολογία');

INSERT INTO book VALUES( 9786185151201,'Γειτονιές','Κόκκινη Κλωστή Δεμένη',96,'Greek','http://dim-flamour.pel.sch.gr/myLib/bookimg/b211251.jpg','Σε μία από τις πολλές γειτονιές της μεγαλούπολης συνέβαινε κάτι παράξενο. Στην κάτω γειτονιά, εκτός απ? τα παλιά σπιτάκια και κάποια μαγαζιά χωρίς πολλή δουλειά, υπήρχε ένας κόσμος που δε συναντούσες κάθε μέρα. Ήταν μια είσοδος σ? έναν άλλον τόπο... μαγικό. Εκεί, αναμεταξύ των ανθρώπων, ζούσαν μικρά φτερωτά πλάσματα. Ο κόσμος τα έλεγε πεταλούδες. Ήταν, δεν ήταν... Όταν μια μέρα έρχεται η ειδοποίηση για κατεδάφιση, όλοι οι κάτοικοι αναστατώνονται. Θα δουν την αγαπημένη γειτονιά τους να γκρεμίζεται για να χτιστεί στη θέση της ένα μεγάλο εμπορικό; Και τι θ? απογίνουν τα φτερωτά πλασματάκια; Όσο ξετυλίγεται το κουβάρι αυτής της περιπέτειας, θα χρειαστεί να βρεις τι ρόλο παίζουν σε όλα αυτά ένα παιχνιδοπωλείο του παλιού καιρού, ένας νεαρός εντομολόγος και ένα μπουρδουκλωμένο ξόρκι... Μπορείς στ? αλήθεια να μαντέψεις;');
INSERT INTO author VALUES( 9786185151201,'Έρικα Γαρμπή');
INSERT INTO author VALUES( 9786185151201,'Βασίλης Γρίβας');
INSERT INTO genre VALUES( 9786185151201,'Παιδική και εφηβική λογοτεχνία [889.9]');
INSERT INTO keyword VALUES( 9786185151201,'Παιδικό');
INSERT INTO keyword VALUES( 9786185151201,'Μυθιστόρημα');

INSERT INTO book VALUES( 9786180307054,'Ο σκύλος ο Κάρλος','Μεταίχμιο',56,'Greek','http://dim-flamour.pel.sch.gr/myLib/bookimg/b212805.jpg','Ο σκύλος Κάρλος, ένα σπάνιο αλλά μοναχικό παιχνίδι, θα ταξιδέψει αναπάντεχα από το προνομιούχο αθηναϊκό του προάστιο ως την αγκαλιά ενός παιδιού από έναν τόπο μακρινό.');
INSERT INTO author VALUES( 9786180307054,'Μαρία Σκαμάγκα');
INSERT INTO genre VALUES( 9786180307054,'Παιδική και εφηβική λογοτεχνία [889.9]');
INSERT INTO keyword VALUES( 9786180307054,'Μυθιστόρημα');




INSERT INTO provides VALUES(9786180128994,'3ο Γυμνασιο Λαρισας',5);
INSERT INTO provides VALUES(9786180212730,'3ο Γυμνασιο Λαρισας',2);
INSERT INTO provides VALUES(9789604690985,'3ο Γυμνασιο Λαρισας',1);
INSERT INTO provides VALUES(9786180124033,'3ο Γυμνασιο Λαρισας',6);
INSERT INTO provides VALUES(9789606007644,'3ο Γυμνασιο Λαρισας',1);
INSERT INTO provides VALUES(9789600427004,'3ο Γυμνασιο Λαρισας',2);
INSERT INTO provides VALUES(9789601908922,'3ο Γυμνασιο Λαρισας',4);
INSERT INTO provides VALUES(9786185519841,'3ο Γυμνασιο Λαρισας',2);
INSERT INTO provides VALUES(9786180202137,'3ο Γυμνασιο Λαρισας',2);
INSERT INTO provides VALUES(9786180130560,'3ο Γυμνασιο Λαρισας',6);
INSERT INTO provides VALUES(9789600517644,'3ο Γυμνασιο Λαρισας',5);
INSERT INTO provides VALUES(9789606451515,'3ο Γυμνασιο Λαρισας',3);
INSERT INTO provides VALUES(9786180135190,'3ο Γυμνασιο Λαρισας',3);
INSERT INTO provides VALUES(9789601908533,'3ο Γυμνασιο Λαρισας',3);
INSERT INTO provides VALUES(9789601908465,'3ο Γυμνασιο Λαρισας',3);
INSERT INTO provides VALUES(9789604508532,'3ο Γυμνασιο Λαρισας',6);
INSERT INTO provides VALUES(9789601908519,'3ο Γυμνασιο Λαρισας',5);
INSERT INTO provides VALUES(9789601908441,'3ο Γυμνασιο Λαρισας',2);
INSERT INTO provides VALUES(9789601908472,'3ο Γυμνασιο Λαρισας',4);
INSERT INTO provides VALUES(9789606450501,'3ο Γυμνασιο Λαρισας',4);
INSERT INTO provides VALUES(9789604619641,'3ο Γυμνασιο Λαρισας',4);


INSERT INTO provides VALUES(9786185151195,'7ο Γενικο Λυκειο Πατρων',3);
INSERT INTO provides VALUES(9789605932893,'7ο Γενικο Λυκειο Πατρων',3);
INSERT INTO provides VALUES(9789601420561,'7ο Γενικο Λυκειο Πατρων',8);
INSERT INTO provides VALUES(9789605012083,'7ο Γενικο Λυκειο Πατρων',8);
INSERT INTO provides VALUES(9789602745472,'7ο Γενικο Λυκειο Πατρων',8);
INSERT INTO provides VALUES(9786185151225,'7ο Γενικο Λυκειο Πατρων',6);
INSERT INTO provides VALUES(9789606000126,'7ο Γενικο Λυκειο Πατρων',7);
INSERT INTO provides VALUES(9789605011567,'7ο Γενικο Λυκειο Πατρων',4);
INSERT INTO provides VALUES(9789600445572,'7ο Γενικο Λυκειο Πατρων',4);
INSERT INTO provides VALUES(9789600444209,'7ο Γενικο Λυκειο Πατρων',4);
INSERT INTO provides VALUES(9789604429486,'7ο Γενικο Λυκειο Πατρων',3);
INSERT INTO provides VALUES(9789600447699,'7ο Γενικο Λυκειο Πατρων',3);
INSERT INTO provides VALUES(9789600447064,'7ο Γενικο Λυκειο Πατρων',2);
INSERT INTO provides VALUES(9789600360301,'7ο Γενικο Λυκειο Πατρων',5);
INSERT INTO provides VALUES(9789605671280,'7ο Γενικο Λυκειο Πατρων',5);
INSERT INTO provides VALUES(9789605940355,'7ο Γενικο Λυκειο Πατρων',5);
INSERT INTO provides VALUES(9786180126716,'7ο Γενικο Λυκειο Πατρων',6);
INSERT INTO provides VALUES(9789604530731,'7ο Γενικο Λυκειο Πατρων',7);
INSERT INTO provides VALUES(9789605670603,'7ο Γενικο Λυκειο Πατρων',8);
INSERT INTO provides VALUES(9789606883835,'7ο Γενικο Λυκειο Πατρων',4);
INSERT INTO provides VALUES(9789606883842,'7ο Γενικο Λυκειο Πατρων',4);
INSERT INTO provides VALUES(9789605940409,'7ο Γενικο Λυκειο Πατρων',4);
INSERT INTO provides VALUES(9786180117202,'7ο Γενικο Λυκειο Πατρων',5);
INSERT INTO provides VALUES(9786180125269,'7ο Γενικο Λυκειο Πατρων',2);
INSERT INTO provides VALUES(9789601675411,'7ο Γενικο Λυκειο Πατρων',2);
INSERT INTO provides VALUES(9789601432892,'7ο Γενικο Λυκειο Πατρων',1);

INSERT INTO provides VALUES(9789605665012,'1ο Γενικο Λυκειο Βολου',2);
INSERT INTO provides VALUES(9789601670492,'1ο Γενικο Λυκειο Βολου',4);
INSERT INTO provides VALUES(9789601648156,'1ο Γενικο Λυκειο Βολου',5);
INSERT INTO provides VALUES(9789605661878,'1ο Γενικο Λυκειο Βολου',6);
INSERT INTO provides VALUES(9789602193198,'1ο Γενικο Λυκειο Βολου',3);
INSERT INTO provides VALUES(9789605670795,'1ο Γενικο Λυκειο Βολου',3);
INSERT INTO provides VALUES(9789602192573,'1ο Γενικο Λυκειο Βολου',3);
INSERT INTO provides VALUES(9789605631574,'1ο Γενικο Λυκειο Βολου',2);
INSERT INTO provides VALUES(9786185021504,'1ο Γενικο Λυκειο Βολου',6);
INSERT INTO provides VALUES(9789606873744,'1ο Γενικο Λυκειο Βολου',6);
INSERT INTO provides VALUES(9789606864711,'1ο Γενικο Λυκειο Βολου',1);
INSERT INTO provides VALUES(9789605015725,'1ο Γενικο Λυκειο Βολου',6);
INSERT INTO provides VALUES(9789605015879,'1ο Γενικο Λυκειο Βολου',7);
INSERT INTO provides VALUES(9789605015701,'1ο Γενικο Λυκειο Βολου',2);
INSERT INTO provides VALUES(9789601654843,'1ο Γενικο Λυκειο Βολου',5);
INSERT INTO provides VALUES(9789606211959,'1ο Γενικο Λυκειο Βολου',5);
INSERT INTO provides VALUES(9789602749692,'1ο Γενικο Λυκειο Βολου',8);
INSERT INTO provides VALUES(9789600304138,'1ο Γενικο Λυκειο Βολου',2);
INSERT INTO provides VALUES(9789603788058,'1ο Γενικο Λυκειο Βολου',2);


INSERT INTO provides VALUES(9789602936801,'5ο Γυμνασιο Λαμιας',2);
INSERT INTO provides VALUES(9789605011536,'5ο Γυμνασιο Λαμιας',2);
INSERT INTO provides VALUES(9786180309812,'5ο Γυμνασιο Λαμιας',1);
INSERT INTO provides VALUES(9789600121858,'5ο Γυμνασιο Λαμιας',8);
INSERT INTO provides VALUES(9789600322651,'5ο Γυμνασιο Λαμιας',10);
INSERT INTO provides VALUES(9789604900671,'5ο Γυμνασιο Λαμιας',9);
INSERT INTO provides VALUES(9789600356717,'5ο Γυμνασιο Λαμιας',3);
INSERT INTO provides VALUES(9789603615941,'5ο Γυμνασιο Λαμιας',2);
INSERT INTO provides VALUES(9789605441760,'5ο Γυμνασιο Λαμιας',1);
INSERT INTO provides VALUES(9789605441791,'5ο Γυμνασιο Λαμιας',9);
INSERT INTO provides VALUES(9789605441845,'5ο Γυμνασιο Λαμιας',14);
INSERT INTO provides VALUES(9789607114884,'5ο Γυμνασιο Λαμιας',6);
INSERT INTO provides VALUES(9789605441210,'5ο Γυμνασιο Λαμιας',1);
INSERT INTO provides VALUES(9781843255413,'5ο Γυμνασιο Λαμιας',3);
INSERT INTO provides VALUES(9789607212122,'5ο Γυμνασιο Λαμιας',7);
INSERT INTO provides VALUES(9789601641164,'5ο Γυμνασιο Λαμιας',3);
INSERT INTO provides VALUES(9789602366493,'5ο Γυμνασιο Λαμιας',8);


INSERT INTO provides VALUES( 9789604550807,'5ο Γυμνασιο Λαμιας',2);
INSERT INTO provides VALUES( 9789609487870,'5ο Γυμνασιο Λαμιας',8);
INSERT INTO provides VALUES( 9789600364507,'5ο Γυμνασιο Λαμιας',21);
INSERT INTO provides VALUES( 9786180124910,'5ο Γυμνασιο Λαμιας',1);
INSERT INTO provides VALUES( 9786180124828,'5ο Γυμνασιο Λαμιας',2);
INSERT INTO provides VALUES( 9789600327625,'5ο Γυμνασιο Λαμιας',9);
INSERT INTO provides VALUES( 9789600324600,'5ο Γυμνασιο Λαμιας',3);
INSERT INTO provides VALUES( 9789604692941,'5ο Γυμνασιο Λαμιας',2);
INSERT INTO provides VALUES( 9789604692934,'5ο Γυμνασιο Λαμιας',2);
INSERT INTO provides VALUES( 9789601902869,'5ο Γυμνασιο Λαμιας',9);
INSERT INTO provides VALUES( 9789600448825,'5ο Γυμνασιο Λαμιας',8);
INSERT INTO provides VALUES( 9789605850654,'5ο Γυμνασιο Λαμιας',5);
INSERT INTO provides VALUES( 9789604607648,'5ο Γυμνασιο Λαμιας',10);
INSERT INTO provides VALUES( 9789605036409,'5ο Γυμνασιο Λαμιας',9);
INSERT INTO provides VALUES( 9789601416496,'5ο Γυμνασιο Λαμιας',3);
INSERT INTO provides VALUES( 9789602349885,'5ο Γυμνασιο Λαμιας',2);
INSERT INTO provides VALUES( 9789608172524,'5ο Γυμνασιο Λαμιας',6);
INSERT INTO provides VALUES( 9786180124705,'5ο Γυμνασιο Λαμιας',1);
INSERT INTO provides VALUES( 9786185151201,'5ο Γυμνασιο Λαμιας',7);
INSERT INTO provides VALUES( 9786180307054,'5ο Γυμνασιο Λαμιας',3);


INSERT INTO provides VALUES( 9789601653648,'2o Δηματικο Λευκαδας',2);
INSERT INTO provides VALUES( 9789607847324,'2o Δηματικο Λευκαδας',5);
INSERT INTO provides VALUES( 9789602086940,'2o Δηματικο Λευκαδας',3);
INSERT INTO provides VALUES( 9789606353192,'2o Δηματικο Λευκαδας',7);
INSERT INTO provides VALUES( 9789606353222,'2o Δηματικο Λευκαδας',8);
INSERT INTO provides VALUES( 9789605032852,'2o Δηματικο Λευκαδας',9);
INSERT INTO provides VALUES( 9789603646679,'2o Δηματικο Λευκαδας',1);
INSERT INTO provides VALUES( 9789609911115,'2o Δηματικο Λευκαδας',2);
INSERT INTO provides VALUES( 9789602751817,'2o Δηματικο Λευκαδας',6);
INSERT INTO provides VALUES( 9789605031619,'2o Δηματικο Λευκαδας',3);
INSERT INTO provides VALUES( 9786180109818,'2o Δηματικο Λευκαδας',4);
INSERT INTO provides VALUES( 9789600432510,'2o Δηματικο Λευκαδας',6);
INSERT INTO provides VALUES( 9789605850494,'2o Δηματικο Λευκαδας',2);


INSERT INTO provides VALUES(9786180128994,'7ο Γενικο Λυκειο Πατρων',3);
INSERT INTO provides VALUES(9786180212730,'1ο Γενικο Λυκειο Βολου',8);
INSERT INTO provides VALUES(9789604690985,'5ο Γυμνασιο Λαμιας',1);
INSERT INTO provides VALUES(9786180124033,'2o Δηματικο Λευκαδας',5);

INSERT INTO provides VALUES(9789601908441,'7ο Γενικο Λυκειο Πατρων',2);
INSERT INTO provides VALUES(9789601908472,'1ο Γενικο Λυκειο Βολου',5);
INSERT INTO provides VALUES(9789606450501,'5ο Γυμνασιο Λαμιας',8);
INSERT INTO provides VALUES(9789604619641,'2o Δηματικο Λευκαδας',9);


INSERT INTO provides VALUES(9786185151195,'3ο Γυμνασιο Λαρισας',1);
INSERT INTO provides VALUES(9789605932893,'1ο Γενικο Λυκειο Βολου',4);
INSERT INTO provides VALUES(9789601420561,'5ο Γυμνασιο Λαμιας',4);
INSERT INTO provides VALUES(9789605012083,'2o Δηματικο Λευκαδας',8);

INSERT INTO provides VALUES(9786180117202,'3ο Γυμνασιο Λαρισας',7);
INSERT INTO provides VALUES(9786180125269,'1ο Γενικο Λυκειο Βολου',10);
INSERT INTO provides VALUES(9789601675411,'5ο Γυμνασιο Λαμιας',2);
INSERT INTO provides VALUES(9789601432892,'2o Δηματικο Λευκαδας',9);


INSERT INTO provides VALUES(9789605665012,'3ο Γυμνασιο Λαρισας',2);
INSERT INTO provides VALUES(9789601670492,'7ο Γενικο Λυκειο Πατρων',6);
INSERT INTO provides VALUES(9789601648156,'5ο Γυμνασιο Λαμιας',2);
INSERT INTO provides VALUES(9789605661878,'2o Δηματικο Λευκαδας',1);

INSERT INTO provides VALUES(9789606211959,'3ο Γυμνασιο Λαρισας',8);
INSERT INTO provides VALUES(9789602749692,'7ο Γενικο Λυκειο Πατρων',2);
INSERT INTO provides VALUES(9789600304138,'5ο Γυμνασιο Λαμιας',1);
INSERT INTO provides VALUES(9789603788058,'2o Δηματικο Λευκαδας',8);


INSERT INTO provides VALUES(9789602936801,'3ο Γυμνασιο Λαρισας',1);
INSERT INTO provides VALUES(9789605011536,'7ο Γενικο Λυκειο Πατρων',1);
INSERT INTO provides VALUES(9786180309812,'1ο Γενικο Λυκειο Βολου',4);
INSERT INTO provides VALUES(9789600121858,'2o Δηματικο Λευκαδας',1);

INSERT INTO provides VALUES( 9789608172524,'3ο Γυμνασιο Λαρισας',2);
INSERT INTO provides VALUES( 9786180124705,'7ο Γενικο Λυκειο Πατρων',3);
INSERT INTO provides VALUES( 9786185151201,'1ο Γενικο Λυκειο Βολου',7);
INSERT INTO provides VALUES( 9786180307054,'2o Δηματικο Λευκαδας',8);


INSERT INTO provides VALUES( 9789601653648,'3ο Γυμνασιο Λαρισας',1);
INSERT INTO provides VALUES( 9789607847324,'7ο Γενικο Λυκειο Πατρων',5);
INSERT INTO provides VALUES( 9789602086940,'1ο Γενικο Λυκειο Βολου',2);
INSERT INTO provides VALUES( 9789606353192,'5ο Γυμνασιο Λαμιας',8);

INSERT INTO provides VALUES( 9789605031619,'3ο Γυμνασιο Λαρισας',1);
INSERT INTO provides VALUES( 9786180109818,'7ο Γενικο Λυκειο Πατρων',2);
INSERT INTO provides VALUES( 9789600432510,'1ο Γενικο Λυκειο Βολου',1);
INSERT INTO provides VALUES( 9789605850494,'5ο Γυμνασιο Λαμιας',5);


INSERT INTO provides VALUES(9786180128994,'2o Δηματικο Λευκαδας',1);
INSERT INTO provides VALUES(9786180212730,'5ο Γυμνασιο Λαμιας',3);
INSERT INTO provides VALUES(9789604690985,'1ο Γενικο Λυκειο Βολου',1);
INSERT INTO provides VALUES(9786180124033,'7ο Γενικο Λυκειο Πατρων',7);


INSERT INTO provides VALUES(9786185151195,'2o Δηματικο Λευκαδας',1);
INSERT INTO provides VALUES(9789605932893,'5ο Γυμνασιο Λαμιας',4);
INSERT INTO provides VALUES(9789601420561,'1ο Γενικο Λυκειο Βολου',4);
INSERT INTO provides VALUES(9789605012083,'3ο Γυμνασιο Λαρισας',8);


INSERT INTO provides VALUES(9789605665012,'2o Δηματικο Λευκαδας',1);
INSERT INTO provides VALUES(9789601670492,'5ο Γυμνασιο Λαμιας',1);
INSERT INTO provides VALUES(9789601648156,'7ο Γενικο Λυκειο Πατρων',3);
INSERT INTO provides VALUES(9789605661878,'3ο Γυμνασιο Λαρισας',1);


INSERT INTO provides VALUES(9789602936801,'2o Δηματικο Λευκαδας',2);
INSERT INTO provides VALUES(9789605011536,'1ο Γενικο Λυκειο Βολου',4);
INSERT INTO provides VALUES(9786180309812,'7ο Γενικο Λυκειο Πατρων',9);
INSERT INTO provides VALUES(9789600121858,'3ο Γυμνασιο Λαρισας',2);
INSERT INTO provides VALUES( 9789601653648,'5ο Γυμνασιο Λαμιας',1);
INSERT INTO provides VALUES( 9789607847324,'1ο Γενικο Λυκειο Βολου',6);
INSERT INTO provides VALUES( 9789602086940,'7ο Γενικο Λυκειο Πατρων',3);
INSERT INTO provides VALUES( 9789606353192,'3ο Γυμνασιο Λαρισας',2);
INSERT INTO provides VALUES(9786180128994,'5ο Γυμνασιο Λαμιας',1);
INSERT INTO provides VALUES(9786180212730,'2o Δηματικο Λευκαδας',3);
INSERT INTO provides VALUES(9786185151195,'5ο Γυμνασιο Λαμιας',1);
INSERT INTO provides VALUES(9789605932893,'2o Δηματικο Λευκαδας',4);
INSERT INTO provides VALUES(9789601648156,'3ο Γυμνασιο Λαρισας',3);
INSERT INTO provides VALUES(9789605661878,'7ο Γενικο Λυκειο Πατρων',1);
INSERT INTO provides VALUES(9789602936801,'1ο Γενικο Λυκειο Βολου',2);
INSERT INTO provides VALUES(9789605011536,'2o Δηματικο Λευκαδας',4);
INSERT INTO provides VALUES( 9789601653648,'1ο Γενικο Λυκειο Βολου',1);
INSERT INTO provides VALUES( 9789607847324,'5ο Γυμνασιο Λαμιας',1);
INSERT INTO provides VALUES(9786180128994,'1ο Γενικο Λυκειο Βολου',1);
INSERT INTO provides VALUES(9789605932893,'3ο Γυμνασιο Λαρισας',4);
INSERT INTO provides VALUES(9789601648156,'2o Δηματικο Λευκαδας',3);
INSERT INTO provides VALUES(9789602936801,'7ο Γενικο Λυκειο Πατρων',2);
INSERT INTO provides VALUES( 9789607847324,'3ο Γυμνασιο Λαρισας',6);

INSERT INTO loans VALUES(9786180128994,'username1','2023-01-02','2023-01-09','returned');
INSERT INTO loans VALUES(9786180212730,'username4','2023-01-10','2023-01-17','not returned');
INSERT INTO loans VALUES(9789604690985,'username6','2023-01-14','2023-01-21','returned');
INSERT INTO loans VALUES(9786180124033,'username10','2023-01-16','2023-01-23','returned');
INSERT INTO loans VALUES(9789606007644,'username10','2023-01-12','2023-01-19','not returned');
INSERT INTO loans VALUES(9789600427004,'username7','2023-01-13','2023-01-20','returned');
INSERT INTO loans VALUES(9789601908922,'username1','2023-01-14','2023-01-21','returned');
INSERT INTO loans VALUES(9786185519841,'username4','2023-01-02','2023-01-09','not returned');
INSERT INTO loans VALUES(9786180202137,'username4','2023-01-12','2023-01-19','returned');
INSERT INTO loans VALUES(9786180130560,'username7','2023-01-04','2023-01-11','not returned');
INSERT INTO loans VALUES(9789600517644,'username7','2023-01-08','2023-01-15','returned');
INSERT INTO loans VALUES(9789606451515,'username2','2023-01-07','2023-01-14','returned');
INSERT INTO loans VALUES(9786180135190,'username1','2023-01-20','2023-01-27','returned');
INSERT INTO loans VALUES(9789601908533,'username2','2023-01-22','2023-01-29','returned');
INSERT INTO loans VALUES(9789601908465,'username7','2023-02-09','2023-02-16','returned');
INSERT INTO loans VALUES(9789604508532,'username6','2023-02-03','2023-02-10','not returned');
INSERT INTO loans VALUES(9789601908519,'username2','2023-02-02','2023-02-09','returned');
INSERT INTO loans VALUES(9789601908441,'username1','2023-02-14','2023-02-21','returned');
INSERT INTO loans VALUES(9789601908472,'username2','2023-02-16','2023-02-23','returned');
INSERT INTO loans VALUES(9789606450501,'username2','2023-02-17','2023-02-24','returned');
INSERT INTO loans VALUES(9789604619641,'username4','2023-02-12','2023-02-19','returned');


INSERT INTO loans VALUES(9786180117202,'username31','2023-03-01','2023-03-08','returned');
INSERT INTO loans VALUES(9786180125269,'username30','2023-03-05','2023-03-12','returned');
INSERT INTO loans VALUES(9789601675411,'username31','2023-03-07','2023-03-14','not returned');
INSERT INTO loans VALUES(9789601432892,'username27','2023-03-09','2023-03-16','returned');


INSERT INTO loans VALUES(9789605665012,'username42','2023-03-10','2023-03-17','returned');
INSERT INTO loans VALUES(9789601670492,'username39','2023-03-17','2023-03-24','returned');
INSERT INTO loans VALUES(9789606873744,'username45','2023-03-01','2023-03-08','returned');
INSERT INTO loans VALUES(9789606864711,'username39','2023-03-04','2023-03-11','not returned');
INSERT INTO loans VALUES(9789605015725,'username42','2023-04-03','2023-04-10','returned');
INSERT INTO loans VALUES(9789605015879,'username44','2023-04-05','2023-04-12','returned');
INSERT INTO loans VALUES(9789605015701,'username44','2023-04-09','2023-04-16','returned');
INSERT INTO loans VALUES(9789601654843,'username45','2023-04-10','2023-04-17','returned');
INSERT INTO loans VALUES(9789606211959,'username40','2023-04-17','2023-04-24','returned');
INSERT INTO loans VALUES(9789602749692,'username33','2023-04-12','2023-04-19','returned');
INSERT INTO loans VALUES(9789600304138,'username40','2023-04-16','2023-04-23','not returned');
INSERT INTO loans VALUES(9789603788058,'username33','2023-04-03','2023-04-10','returned');
INSERT INTO loans VALUES(9789606211959,'username45','2023-02-18','2023-02-25','returned');
INSERT INTO loans VALUES(9789603788058,'username45','2023-01-03','2023-01-10','returned');




INSERT INTO loans VALUES(9789602936801,'username50','2023-05-03','2023-05-10','returned');
INSERT INTO loans VALUES(9789605011536,'username49','2023-05-05','2023-05-12','returned');
INSERT INTO loans VALUES(9786180309812,'username49','2023-05-10','2023-05-17','not returned');


INSERT INTO loans VALUES(9789607847324,'username60','2023-01-10','2023-01-17','returned');
INSERT INTO loans VALUES(9789607847324,'username56','2023-02-03','2023-02-10','returned');
INSERT INTO loans VALUES(9789607847324,'username55','2023-03-31','2023-04-07','not returned');
INSERT INTO loans VALUES(9789607847324,'username52','2023-05-19','2023-05-26','returned');
INSERT INTO loans VALUES(9789607847324,'username44','2023-05-03','2023-05-10','returned');
INSERT INTO loans VALUES(9789607847324,'username31','2023-03-21','2023-03-28','returned');
INSERT INTO loans VALUES(9789607847324,'username3' ,'2023-05-20','2023-05-27','not returned');

INSERT INTO loans VALUES(9789602936801,'username3' ,'2023-05-19','2023-05-26','returned');
INSERT INTO loans VALUES(9789602936801,'username60','2023-01-10','2023-01-17','returned');

INSERT INTO loans VALUES(9789606353192,'username56','2023-02-15','2023-02-22','not returned');
INSERT INTO loans VALUES(9789606353192,'username60','2023-03-01','2023-03-08','returned');
INSERT INTO loans VALUES(9789606353192,'username54','2023-04-12','2023-04-19','returned');
INSERT INTO loans VALUES(9789606353192,'username53','2023-01-11','2023-01-18','returned');

INSERT INTO loans VALUES(9789602086940,'username31','2023-02-19','2023-02-26','returned');
INSERT INTO loans VALUES(9789602086940,'username30','2023-03-01','2023-03-8','returned');
INSERT INTO loans VALUES(9789602086940,'username56','2023-03-09','2023-03-16','returned');
INSERT INTO loans VALUES(9789602086940,'username55','2023-01-10','2023-01-17','returned');

INSERT INTO loans VALUES(9789605850494,'username56','2023-04-23','2023-04-30','returned');
INSERT INTO loans VALUES(9789605850494,'username52','2023-04-01','2023-04-08','returned');

INSERT INTO loans VALUES(9786180307054,'username19','2023-04-10','2023-04-17','returned');
INSERT INTO loans VALUES(9786180307054,'username22','2023-02-21','2023-02-28','returned');
INSERT INTO loans VALUES(9786180307054,'username23','2023-05-20','2023-05-27','returned');
INSERT INTO loans VALUES(9786180307054,'username36','2023-05-21','2023-05-28','not returned');

INSERT INTO loans VALUES(9789608172524,'username60','2023-05-22','2023-05-29','not returned');

INSERT INTO loans VALUES(9789606353222,'username55','2023-02-05','2023-02-12','returned');
INSERT INTO loans VALUES(9789606353222,'username56','2023-01-07','2023-01-14','returned');

INSERT INTO loans VALUES(9789601653648,'username36','2023-05-22','2023-05-29','not returned');
INSERT INTO loans VALUES(9789601653648,'username43','2023-01-05','2023-01-12','returned');
INSERT INTO loans VALUES(9789601653648,'username49','2023-01-15','2023-01-22','returned');
INSERT INTO loans VALUES(9789601653648,'username45','2023-05-23','2023-05-30','not returned');
INSERT INTO loans VALUES(9789601653648,'username56','2023-05-24','2023-05-31','not returned');
INSERT INTO loans VALUES(9789601653648,'username52','2023-05-22','2023-05-29','not returned');

INSERT INTO loans VALUES(9789601908519,'username60','2023-04-20','2023-04-27','not returned');
INSERT INTO loans VALUES(9789601908519,'username4','2023-04-20','2023-04-27','not returned');
INSERT INTO loans VALUES(9789601908519,'username6','2023-04-20','2023-04-27','not returned');





INSERT INTO reserves VALUES(9789606007644,'username3','2023-01-18','2023-01-25');
INSERT INTO reserves VALUES(9789601653648,'username49','2023-01-10','2023-01-17');
INSERT INTO reserves VALUES(9789601653648,'username54','2023-05-23','2023-05-30');
INSERT INTO reserves VALUES(9789607847324,'username54','2023-05-22','2023-05-29');
INSERT INTO reserves VALUES(9789606353192,'username54','2023-04-07','2023-04-14');
INSERT INTO reserves VALUES(9786180309812,'username36','2023-05-14','2023-05-21');
INSERT INTO reserves VALUES(9789606864711,'username33','2023-05-22','2023-05-29');
INSERT INTO reserves VALUES(9786180124033,'username56','2023-05-23','2023-05-30');
INSERT INTO reserves VALUES(9786180124033,'username11','2023-05-22','2023-05-29');
INSERT INTO reserves VALUES(9786180128994,'username1','2023-01-01','2023-01-08');
INSERT INTO reserves VALUES(9786180212730,'username4','2023-01-09','2023-01-16');
INSERT INTO reserves VALUES(9789604690985,'username6','2023-01-08','2023-01-15');
INSERT INTO reserves VALUES(9786180124033,'username10','2023-01-10','2023-01-17');
INSERT INTO reserves VALUES(9789606007644,'username10','2023-01-10','2023-01-17');
INSERT INTO reserves VALUES(9789600427004,'username7','2023-01-10','2023-01-17');
INSERT INTO reserves VALUES(9789601908922,'username1','2023-01-10','2023-01-17');
INSERT INTO reserves VALUES(9786185519841,'username4','2023-01-01','2023-01-08');
INSERT INTO reserves VALUES(9786180202137,'username4','2023-01-06','2023-01-13');
INSERT INTO reserves VALUES(9786180130560,'username7','2023-01-02','2023-01-09');
INSERT INTO reserves VALUES(9789600517644,'username7','2023-01-05','2023-01-12');
INSERT INTO reserves VALUES(9789606451515,'username2','2023-01-05','2023-01-12');
INSERT INTO reserves VALUES(9786180135190,'username1','2023-01-17','2023-01-24');
INSERT INTO reserves VALUES(9789601908533,'username2','2023-01-21','2023-01-28');
INSERT INTO reserves VALUES(9789601908465,'username7','2023-02-07','2023-02-14');
INSERT INTO reserves VALUES(9789604508532,'username6','2023-02-01','2023-02-8');
INSERT INTO reserves VALUES(9789601908519,'username2','2023-02-01','2023-02-08');
INSERT INTO reserves VALUES(9789601908441,'username1','2023-02-08','2023-02-15');
INSERT INTO reserves VALUES(9789601908472,'username2','2023-02-13','2023-02-20');
INSERT INTO reserves VALUES(9789606450501,'username2','2023-02-14','2023-02-21');
INSERT INTO reserves VALUES(9789604619641,'username4','2023-02-11','2023-02-18');
INSERT INTO reserves VALUES(9789605665012,'username42','2023-03-9','2023-03-16');
INSERT INTO reserves VALUES(9789601670492,'username39','2023-03-13','2023-03-20');
INSERT INTO reserves VALUES(9789606873744,'username45','2023-03-28','2023-04-04');
INSERT INTO reserves VALUES(9789606864711,'username39','2023-03-01','2023-03-08');
INSERT INTO reserves VALUES(9789605015725,'username42','2023-04-01','2023-04-08');
INSERT INTO reserves VALUES(9789605015879,'username44','2023-04-02','2023-04-09');
INSERT INTO reserves VALUES(9789605015701,'username44','2023-04-08','2023-04-15');
INSERT INTO reserves VALUES(9789601654843,'username45','2023-04-04','2023-04-11');
INSERT INTO reserves VALUES(9789606211959,'username40','2023-04-14','2023-04-21');
INSERT INTO reserves VALUES(9789602749692,'username33','2023-04-10','2023-04-17');
INSERT INTO reserves VALUES(9789600304138,'username40','2023-04-12','2023-04-19');
INSERT INTO reserves VALUES(9789603788058,'username33','2023-04-02','2023-04-09');
INSERT INTO reserves VALUES(9789606211959,'username45','2023-02-15','2023-02-22');
INSERT INTO reserves VALUES(9789603788058,'username45','2023-01-01','2023-01-08');



INSERT INTO reviews VALUES(9786180128994,'username2','Very good book, i recommend it !',4);
INSERT INTO reviews VALUES(9786180128994,'username3','Very good book, i recommend it !',3);
INSERT INTO reviews VALUES(9786180128994,'username4','Very good book, i recommend it !',3);
INSERT INTO reviews VALUES(9786180212730,'username3','A decent choice!',3);
INSERT INTO reviews VALUES(9789604690985,'username4','Very good book, i recommend it !',4);
INSERT INTO reviews VALUES(9786180124033,'username3','Not the best, not the worst.',2);
INSERT INTO reviews VALUES(9789606007644,'username3','Very good book, i recommend it !',5);
INSERT INTO reviews VALUES(9789600427004,'username6','I reccomend it!',3);
INSERT INTO reviews VALUES(9789601908922,'username6','Very good book, i recommend it !',4);
INSERT INTO reviews VALUES(9786185519841,'username9','Loved it from start to finish!',4);
INSERT INTO reviews VALUES(9786180202137,'username10','A memorable journey!',5);
INSERT INTO reviews VALUES(9786180130560,'username10','A decent book all around,but boring at times.',2);
INSERT INTO reviews VALUES(9789600517644,'username10','Give it a try!',3);
INSERT INTO reviews VALUES(9789606451515,'username10','Does not dissapoint.',3);
INSERT INTO reviews VALUES(9786180135190,'username10','Loved it!',4);
INSERT INTO reviews VALUES(9789601908533,'username10','Mediocre.',2);
INSERT INTO reviews VALUES(9789601908465,'username7','Very good book, i recommend it !',4);
INSERT INTO reviews VALUES(9789604508532,'username9','Very good book, i recommend it !',4);
INSERT INTO reviews VALUES(9789601908519,'username1','Very good book, i recommend it !',4);
INSERT INTO reviews VALUES(9789601908441,'username7','Perfect!',5);
INSERT INTO reviews VALUES(9789601908472,'username7','A great book',4);
INSERT INTO reviews VALUES(9789606450501,'username7','An interesting book.',3);
INSERT INTO reviews VALUES(9789604619641,'username1','My favourite book of all time!',5);

INSERT INTO reviews VALUES(9789600360301,'username12','Decent.',3);
INSERT INTO reviews VALUES(9789605671280,'username15','Give it a try',3);
INSERT INTO reviews VALUES(9789605940355,'username15','Kinda Boring.',2);
INSERT INTO reviews VALUES(9786180126716,'username25','Not the best written out there,but give it a try.',2);
INSERT INTO reviews VALUES(9789604530731,'username26','Nothing special.',2);
INSERT INTO reviews VALUES(9789605670603,'username26','A decent experience!',3);
INSERT INTO reviews VALUES(9789606883835,'username26','Good for teachers!',4);
INSERT INTO reviews VALUES(9789606883842,'username12','A perfect  choice both for student and for teacher',5);
INSERT INTO reviews VALUES(9789605940409,'username30','Very good book, i recommend it !',4);
INSERT INTO reviews VALUES(9786180117202,'username31','Stay away,nothing interesting here',1);
INSERT INTO reviews VALUES(9786180125269,'username30','Hated it.',1);
INSERT INTO reviews VALUES(9789601675411,'username31','Boring most of the times.',2);
INSERT INTO reviews VALUES(9789601432892,'username27','Very good choice,especially   for students!',4);

INSERT INTO reviews VALUES(9789605665012,'username42','Sad it ended!',4);
INSERT INTO reviews VALUES(9789601670492,'username39','A good choice for anybody,but not the best written book out there.',3);
INSERT INTO reviews VALUES(9789601648156,'username39','Very good choice for anybody out there!',4);
INSERT INTO reviews VALUES(9789605661878,'username40','Would read it again and again!',5);
INSERT INTO reviews VALUES(9789602193198,'username41','An overall nice experience.',3);
INSERT INTO reviews VALUES(9789605670795,'username41','We need more books like this one!',4);
INSERT INTO reviews VALUES(9789602192573,'username41','Perfect book for me!',4);
INSERT INTO reviews VALUES(9789605631574,'username41','Very good choice for college students!',4);
INSERT INTO reviews VALUES(9786185021504,'username42','Loved it!',4);
INSERT INTO reviews VALUES(9789606873744,'username42','Very good book, i recommend it !',4);
INSERT INTO reviews VALUES(9789606864711,'username39','A must read for anybody out there!',5);
INSERT INTO reviews VALUES(9789605015725,'username33','Not the best book out there.',2);
INSERT INTO reviews VALUES(9789605015879,'username33','Very good book, i recommend it !',3);
INSERT INTO reviews VALUES(9789605015701,'username44','Very good book, i recommend it !',3);
INSERT INTO reviews VALUES(9789601654843,'username44','Nothing special,boring at times.',2);
INSERT INTO reviews VALUES(9789606211959,'username45','I recommend it',3);
INSERT INTO reviews VALUES(9789602749692,'username45','Give it a try,boring at first,but gets better near the end.',3);
INSERT INTO reviews VALUES(9789600304138,'username42','Far from a masterpiece,but still a decent book.',3);
INSERT INTO reviews VALUES(9789603788058,'username44','Good!',3);


INSERT INTO reviews VALUES(9789602936801,'username50','Nice book!',3);
INSERT INTO reviews VALUES(9789605011536,'username50','Mediocre at best.',2);
INSERT INTO reviews VALUES(9786180309812,'username49','A classic,absolutely recommend it!',4);


INSERT INTO reviews VALUES(9789607847324,'username60','A classic,absolutely recommend it!',4);
INSERT INTO reviews VALUES(9789607847324,'username56','Peak writing!',5);
INSERT INTO reviews VALUES(9789607847324,'username55','Absolutely terrible',1);
INSERT INTO reviews VALUES(9789607847324,'username52','Neither good nor bad...',3);
INSERT INTO reviews VALUES(9789607847324,'username44','Simply put, Amazing!',5);
INSERT INTO reviews VALUES(9789607847324,'username31','I would definitely read it again!',4);

INSERT INTO reviews VALUES(9789601420561,'username31','I would definitely read it again!',4);
INSERT INTO reviews VALUES(9789601420561,'username30','Superb!',5);
INSERT INTO reviews VALUES(9789601420561,'username49','Splendid!',4);
INSERT INTO reviews VALUES(9789601420561,'username52','I cannot believe that someone would write this!',1);
INSERT INTO reviews VALUES(9789601420561,'username40','Just bad.',2);
INSERT INTO reviews VALUES(9789601420561,'username42','Masterpiece!',5);

INSERT INTO reviews VALUES(9789605850494,'username22','I would definitely read it again and again!',4);
INSERT INTO reviews VALUES(9789605850494,'username56','I cannot imagine someone writing something better!',5);
INSERT INTO reviews VALUES(9789605850494,'username36','I have already read it 10 times!',5);


INSERT INTO reviews VALUES(9789606353192,'username11','I would definitely read it again!',5);
INSERT INTO reviews VALUES(9789606353192,'username52','I do not know how many times I have read it already!!',5);
INSERT INTO reviews VALUES(9789606353192,'username60','I would probably read it again!',4);

INSERT INTO reviews VALUES(9789607847324,'username2','I would definitely read it again!',4);
INSERT INTO reviews VALUES(9789607847324,'username15','I would definitely read it again!',4);
INSERT INTO reviews VALUES(9789607847324,'username23','I would definitely read it again!',4);











